0 verbose cli /usr/local/bin/node /usr/local/bin/npm
1 info using npm@10.9.2
2 info using node@v22.17.0
3 silly config load:file:/usr/local/lib/node_modules/npm/npmrc
4 silly config load:file:/Users/jyoti/Rollins Wellness /rollins-wellness-website/.npmrc
5 silly config load:file:/Users/jyoti/.npmrc
6 silly config load:file:/usr/local/etc/npmrc
7 verbose title npm install
8 verbose argv "install" "--no-fund" "--no-audit" "--progress" "false" "--legacy-peer-deps"
9 verbose logfile logs-max:10 dir:/Users/jyoti/Rollins Wellness /rollins-wellness-website/.npm-cache/_logs/2025-08-27T07_42_29_582Z-
10 verbose logfile /Users/jyoti/Rollins Wellness /rollins-wellness-website/.npm-cache/_logs/2025-08-27T07_42_29_582Z-debug-0.log
11 silly logfile done cleaning log files
12 silly packumentCache heap:4345298944 maxSize:1086324736 maxEntrySize:543162368
13 silly idealTree buildDeps
14 silly reify moves {}
15 verbose reify failed optional dependency /Users/jyoti/Rollins Wellness /rollins-wellness-website/node_modules/@unrs/resolver-binding-darwin-x64
16 silly reify mark deleted [
16 silly reify   '/Users/jyoti/Rollins Wellness /rollins-wellness-website/node_modules/@unrs/resolver-binding-darwin-x64'
16 silly reify ]
17 verbose reify failed optional dependency /Users/jyoti/Rollins Wellness /rollins-wellness-website/node_modules/@next/swc-win32-x64-msvc
18 silly reify mark deleted [
18 silly reify   '/Users/jyoti/Rollins Wellness /rollins-wellness-website/node_modules/@next/swc-win32-x64-msvc'
18 silly reify ]
19 verbose reify failed optional dependency /Users/jyoti/Rollins Wellness /rollins-wellness-website/node_modules/@next/swc-win32-arm64-msvc
20 silly reify mark deleted [
20 silly reify   '/Users/jyoti/Rollins Wellness /rollins-wellness-website/node_modules/@next/swc-win32-arm64-msvc'
20 silly reify ]
21 verbose reify failed optional dependency /Users/jyoti/Rollins Wellness /rollins-wellness-website/node_modules/@next/swc-linux-x64-musl
22 silly reify mark deleted [
22 silly reify   '/Users/jyoti/Rollins Wellness /rollins-wellness-website/node_modules/@next/swc-linux-x64-musl'
22 silly reify ]
23 verbose reify failed optional dependency /Users/jyoti/Rollins Wellness /rollins-wellness-website/node_modules/@next/swc-linux-x64-gnu
24 silly reify mark deleted [
24 silly reify   '/Users/jyoti/Rollins Wellness /rollins-wellness-website/node_modules/@next/swc-linux-x64-gnu'
24 silly reify ]
25 verbose reify failed optional dependency /Users/jyoti/Rollins Wellness /rollins-wellness-website/node_modules/@next/swc-linux-arm64-musl
26 silly reify mark deleted [
26 silly reify   '/Users/jyoti/Rollins Wellness /rollins-wellness-website/node_modules/@next/swc-linux-arm64-musl'
26 silly reify ]
27 verbose reify failed optional dependency /Users/jyoti/Rollins Wellness /rollins-wellness-website/node_modules/@next/swc-linux-arm64-gnu
28 silly reify mark deleted [
28 silly reify   '/Users/jyoti/Rollins Wellness /rollins-wellness-website/node_modules/@next/swc-linux-arm64-gnu'
28 silly reify ]
29 verbose reify failed optional dependency /Users/jyoti/Rollins Wellness /rollins-wellness-website/node_modules/@next/swc-darwin-x64
30 silly reify mark deleted [
30 silly reify   '/Users/jyoti/Rollins Wellness /rollins-wellness-website/node_modules/@next/swc-darwin-x64'
30 silly reify ]
31 verbose reify failed optional dependency /Users/jyoti/Rollins Wellness /rollins-wellness-website/node_modules/@img/sharp-libvips-darwin-x64
32 silly reify mark deleted [
32 silly reify   '/Users/jyoti/Rollins Wellness /rollins-wellness-website/node_modules/@img/sharp-libvips-darwin-x64'
32 silly reify ]
33 verbose reify failed optional dependency /Users/jyoti/Rollins Wellness /rollins-wellness-website/node_modules/@img/sharp-darwin-x64
34 silly reify mark deleted [
34 silly reify   '/Users/jyoti/Rollins Wellness /rollins-wellness-website/node_modules/@img/sharp-darwin-x64'
34 silly reify ]
35 http cache zustand@https://registry.npmjs.org/zustand/-/zustand-5.0.5.tgz 1ms (cache hit)
36 http cache wrappy@https://registry.npmjs.org/wrappy/-/wrappy-1.0.2.tgz 0ms (cache hit)
37 http cache wrap-ansi-cjs@https://registry.npmjs.org/wrap-ansi/-/wrap-ansi-7.0.0.tgz 0ms (cache hit)
38 http cache wrap-ansi@https://registry.npmjs.org/wrap-ansi/-/wrap-ansi-8.1.0.tgz 0ms (cache hit)
39 http cache yocto-queue@https://registry.npmjs.org/yocto-queue/-/yocto-queue-0.1.0.tgz 0ms (cache hit)
40 http cache word-wrap@https://registry.npmjs.org/word-wrap/-/word-wrap-1.2.5.tgz 0ms (cache hit)
41 http cache which-collection@https://registry.npmjs.org/which-collection/-/which-collection-1.0.2.tgz 0ms (cache hit)
42 http cache which-boxed-primitive@https://registry.npmjs.org/which-boxed-primitive/-/which-boxed-primitive-1.1.1.tgz 0ms (cache hit)
43 http cache which-builtin-type@https://registry.npmjs.org/which-builtin-type/-/which-builtin-type-1.2.1.tgz 0ms (cache hit)
44 http cache which@https://registry.npmjs.org/which/-/which-2.0.2.tgz 0ms (cache hit)
45 http cache which-typed-array@https://registry.npmjs.org/which-typed-array/-/which-typed-array-1.1.19.tgz 0ms (cache hit)
46 http cache yaml@https://registry.npmjs.org/yaml/-/yaml-2.8.0.tgz 0ms (cache hit)
47 http cache webgl-sdf-generator@https://registry.npmjs.org/webgl-sdf-generator/-/webgl-sdf-generator-1.1.1.tgz 0ms (cache hit)
48 http cache util-deprecate@https://registry.npmjs.org/util-deprecate/-/util-deprecate-1.0.2.tgz 0ms (cache hit)
49 http cache use-sync-external-store@https://registry.npmjs.org/use-sync-external-store/-/use-sync-external-store-1.5.0.tgz 0ms (cache hit)
50 http cache update-browserslist-db@https://registry.npmjs.org/update-browserslist-db/-/update-browserslist-db-1.1.3.tgz 0ms (cache hit)
51 http cache uri-js@https://registry.npmjs.org/uri-js/-/uri-js-4.4.1.tgz 0ms (cache hit)
52 http cache webgl-constants@https://registry.npmjs.org/webgl-constants/-/webgl-constants-1.1.1.tgz 0ms (cache hit)
53 http cache unrs-resolver@https://registry.npmjs.org/unrs-resolver/-/unrs-resolver-1.7.12.tgz 0ms (cache hit)
54 http cache undici-types@https://registry.npmjs.org/undici-types/-/undici-types-6.21.0.tgz 0ms (cache hit)
55 http cache typescript@https://registry.npmjs.org/typescript/-/typescript-5.8.3.tgz 0ms (cache hit)
56 http cache typed-array-byte-offset@https://registry.npmjs.org/typed-array-byte-offset/-/typed-array-byte-offset-1.0.4.tgz 0ms (cache hit)
57 http cache utility-types@https://registry.npmjs.org/utility-types/-/utility-types-3.11.0.tgz 0ms (cache hit)
58 http cache typed-array-byte-length@https://registry.npmjs.org/typed-array-byte-length/-/typed-array-byte-length-1.0.3.tgz 0ms (cache hit)
59 http cache unbox-primitive@https://registry.npmjs.org/unbox-primitive/-/unbox-primitive-1.1.0.tgz 0ms (cache hit)
60 http cache typed-array-length@https://registry.npmjs.org/typed-array-length/-/typed-array-length-1.0.7.tgz 0ms (cache hit)
61 http cache typed-array-buffer@https://registry.npmjs.org/typed-array-buffer/-/typed-array-buffer-1.0.3.tgz 0ms (cache hit)
62 http cache type-fest@https://registry.npmjs.org/type-fest/-/type-fest-0.20.2.tgz 0ms (cache hit)
63 http cache tunnel-rat@https://registry.npmjs.org/tunnel-rat/-/tunnel-rat-0.1.2.tgz 0ms (cache hit)
64 http cache tslib@https://registry.npmjs.org/tslib/-/tslib-2.8.1.tgz 0ms (cache hit)
65 http cache type-check@https://registry.npmjs.org/type-check/-/type-check-0.4.0.tgz 0ms (cache hit)
66 http cache ts-interface-checker@https://registry.npmjs.org/ts-interface-checker/-/ts-interface-checker-0.1.13.tgz 0ms (cache hit)
67 http cache ts-api-utils@https://registry.npmjs.org/ts-api-utils/-/ts-api-utils-2.1.0.tgz 0ms (cache hit)
68 http cache tsconfig-paths@https://registry.npmjs.org/tsconfig-paths/-/tsconfig-paths-3.15.0.tgz 0ms (cache hit)
69 http cache troika-three-utils@https://registry.npmjs.org/troika-three-utils/-/troika-three-utils-0.52.4.tgz 0ms (cache hit)
70 http cache troika-three-text@https://registry.npmjs.org/troika-three-text/-/troika-three-text-0.52.4.tgz 0ms (cache hit)
71 http cache to-regex-range@https://registry.npmjs.org/to-regex-range/-/to-regex-range-5.0.1.tgz 0ms (cache hit)
72 http cache tinyglobby@https://registry.npmjs.org/tinyglobby/-/tinyglobby-0.2.14.tgz 0ms (cache hit)
73 http cache troika-worker-utils@https://registry.npmjs.org/troika-worker-utils/-/troika-worker-utils-0.52.0.tgz 0ms (cache hit)
74 http cache three-stdlib@https://registry.npmjs.org/three-stdlib/-/three-stdlib-2.36.0.tgz 0ms (cache hit)
75 http cache three@https://registry.npmjs.org/three/-/three-0.177.0.tgz 0ms (cache hit)
76 http cache thenify-all@https://registry.npmjs.org/thenify-all/-/thenify-all-1.6.0.tgz 0ms (cache hit)
77 http cache thenify@https://registry.npmjs.org/thenify/-/thenify-3.3.1.tgz 0ms (cache hit)
78 http cache three-mesh-bvh@https://registry.npmjs.org/three-mesh-bvh/-/three-mesh-bvh-0.8.3.tgz 0ms (cache hit)
79 http cache text-table@https://registry.npmjs.org/text-table/-/text-table-0.2.0.tgz 0ms (cache hit)
80 http cache tailwindcss@https://registry.npmjs.org/tailwindcss/-/tailwindcss-3.4.17.tgz 0ms (cache hit)
81 http cache supports-preserve-symlinks-flag@https://registry.npmjs.org/supports-preserve-symlinks-flag/-/supports-preserve-symlinks-flag-1.0.0.tgz 0ms (cache hit)
82 http cache supports-color@https://registry.npmjs.org/supports-color/-/supports-color-7.2.0.tgz 0ms (cache hit)
83 http cache sucrase@https://registry.npmjs.org/sucrase/-/sucrase-3.35.0.tgz 0ms (cache hit)
84 http cache styled-jsx@https://registry.npmjs.org/styled-jsx/-/styled-jsx-5.1.6.tgz 0ms (cache hit)
85 http cache strip-bom@https://registry.npmjs.org/strip-bom/-/strip-bom-3.0.0.tgz 0ms (cache hit)
86 http cache strip-json-comments@https://registry.npmjs.org/strip-json-comments/-/strip-json-comments-3.1.1.tgz 0ms (cache hit)
87 http cache strip-ansi-cjs@https://registry.npmjs.org/strip-ansi/-/strip-ansi-6.0.1.tgz 0ms (cache hit)
88 http cache strip-ansi@https://registry.npmjs.org/strip-ansi/-/strip-ansi-6.0.1.tgz 0ms (cache hit)
89 http cache string.prototype.trimstart@https://registry.npmjs.org/string.prototype.trimstart/-/string.prototype.trimstart-1.0.8.tgz 0ms (cache hit)
90 http cache suspend-react@https://registry.npmjs.org/suspend-react/-/suspend-react-0.1.3.tgz 0ms (cache hit)
91 http cache string.prototype.trimend@https://registry.npmjs.org/string.prototype.trimend/-/string.prototype.trimend-1.0.9.tgz 0ms (cache hit)
92 http cache string.prototype.repeat@https://registry.npmjs.org/string.prototype.repeat/-/string.prototype.repeat-1.0.0.tgz 0ms (cache hit)
93 http cache string.prototype.matchall@https://registry.npmjs.org/string.prototype.matchall/-/string.prototype.matchall-4.0.12.tgz 0ms (cache hit)
94 http cache string.prototype.includes@https://registry.npmjs.org/string.prototype.includes/-/string.prototype.includes-2.0.1.tgz 0ms (cache hit)
95 http cache string.prototype.trim@https://registry.npmjs.org/string.prototype.trim/-/string.prototype.trim-1.2.10.tgz 0ms (cache hit)
96 http cache string-width-cjs@https://registry.npmjs.org/string-width/-/string-width-4.2.3.tgz 0ms (cache hit)
97 http cache streamsearch@https://registry.npmjs.org/streamsearch/-/streamsearch-1.1.0.tgz 0ms (cache hit)
98 http cache stop-iteration-iterator@https://registry.npmjs.org/stop-iteration-iterator/-/stop-iteration-iterator-1.1.0.tgz 0ms (cache hit)
99 http cache string-width@https://registry.npmjs.org/string-width/-/string-width-5.1.2.tgz 0ms (cache hit)
100 http cache stats.js@https://registry.npmjs.org/stats.js/-/stats.js-0.17.0.tgz 0ms (cache hit)
101 http cache stable-hash@https://registry.npmjs.org/stable-hash/-/stable-hash-0.0.5.tgz 0ms (cache hit)
102 http cache stats-gl@https://registry.npmjs.org/stats-gl/-/stats-gl-2.4.2.tgz 0ms (cache hit)
103 http cache source-map-js@https://registry.npmjs.org/source-map-js/-/source-map-js-1.2.1.tgz 0ms (cache hit)
104 http cache signal-exit@https://registry.npmjs.org/signal-exit/-/signal-exit-4.1.0.tgz 0ms (cache hit)
105 http cache side-channel-weakmap@https://registry.npmjs.org/side-channel-weakmap/-/side-channel-weakmap-1.0.2.tgz 0ms (cache hit)
106 http cache simple-swizzle@https://registry.npmjs.org/simple-swizzle/-/simple-swizzle-0.2.2.tgz 0ms (cache hit)
107 http cache side-channel-list@https://registry.npmjs.org/side-channel-list/-/side-channel-list-1.0.0.tgz 0ms (cache hit)
108 http cache shebang-regex@https://registry.npmjs.org/shebang-regex/-/shebang-regex-3.0.0.tgz 0ms (cache hit)
109 http cache side-channel@https://registry.npmjs.org/side-channel/-/side-channel-1.1.0.tgz 0ms (cache hit)
110 http cache side-channel-map@https://registry.npmjs.org/side-channel-map/-/side-channel-map-1.0.1.tgz 0ms (cache hit)
111 http cache sharp@https://registry.npmjs.org/sharp/-/sharp-0.33.5.tgz 0ms (cache hit)
112 http cache set-proto@https://registry.npmjs.org/set-proto/-/set-proto-1.0.0.tgz 0ms (cache hit)
113 http cache shebang-command@https://registry.npmjs.org/shebang-command/-/shebang-command-2.0.0.tgz 0ms (cache hit)
114 http cache set-function-name@https://registry.npmjs.org/set-function-name/-/set-function-name-2.0.2.tgz 0ms (cache hit)
115 http cache semver@https://registry.npmjs.org/semver/-/semver-7.7.2.tgz 0ms (cache hit)
116 http cache set-function-length@https://registry.npmjs.org/set-function-length/-/set-function-length-1.2.2.tgz 0ms (cache hit)
117 http cache scheduler@https://registry.npmjs.org/scheduler/-/scheduler-0.26.0.tgz 0ms (cache hit)
118 http cache safe-array-concat@https://registry.npmjs.org/safe-array-concat/-/safe-array-concat-1.1.3.tgz 0ms (cache hit)
119 http cache run-parallel@https://registry.npmjs.org/run-parallel/-/run-parallel-1.2.0.tgz 0ms (cache hit)
120 http cache safe-push-apply@https://registry.npmjs.org/safe-push-apply/-/safe-push-apply-1.0.0.tgz 0ms (cache hit)
121 http cache safe-regex-test@https://registry.npmjs.org/safe-regex-test/-/safe-regex-test-1.1.0.tgz 0ms (cache hit)
122 http cache rimraf@https://registry.npmjs.org/rimraf/-/rimraf-3.0.2.tgz 0ms (cache hit)
123 http cache resolve-from@https://registry.npmjs.org/resolve-from/-/resolve-from-4.0.0.tgz 0ms (cache hit)
124 http cache resolve-pkg-maps@https://registry.npmjs.org/resolve-pkg-maps/-/resolve-pkg-maps-1.0.0.tgz 0ms (cache hit)
125 http cache resolve@https://registry.npmjs.org/resolve/-/resolve-1.22.10.tgz 0ms (cache hit)
126 http cache require-from-string@https://registry.npmjs.org/require-from-string/-/require-from-string-2.0.2.tgz 0ms (cache hit)
127 http cache reflect.getprototypeof@https://registry.npmjs.org/reflect.getprototypeof/-/reflect.getprototypeof-1.0.10.tgz 0ms (cache hit)
128 http cache reusify@https://registry.npmjs.org/reusify/-/reusify-1.1.0.tgz 0ms (cache hit)
129 http cache regexp.prototype.flags@https://registry.npmjs.org/regexp.prototype.flags/-/regexp.prototype.flags-1.5.4.tgz 0ms (cache hit)
130 http cache readdirp@https://registry.npmjs.org/readdirp/-/readdirp-3.6.0.tgz 0ms (cache hit)
131 http cache react-use-measure@https://registry.npmjs.org/react-use-measure/-/react-use-measure-2.1.7.tgz 0ms (cache hit)
132 http cache read-cache@https://registry.npmjs.org/read-cache/-/read-cache-1.0.0.tgz 0ms (cache hit)
133 http cache react-reconciler@https://registry.npmjs.org/react-reconciler/-/react-reconciler-0.31.0.tgz 0ms (cache hit)
134 http cache react-is@https://registry.npmjs.org/react-is/-/react-is-16.13.1.tgz 0ms (cache hit)
135 http cache react@https://registry.npmjs.org/react/-/react-19.1.0.tgz 0ms (cache hit)
136 http cache queue-microtask@https://registry.npmjs.org/queue-microtask/-/queue-microtask-1.2.3.tgz 0ms (cache hit)
137 http cache react-dom@https://registry.npmjs.org/react-dom/-/react-dom-19.1.0.tgz 0ms (cache hit)
138 http cache prop-types@https://registry.npmjs.org/prop-types/-/prop-types-15.8.1.tgz 0ms (cache hit)
139 http cache promise-worker-transferable@https://registry.npmjs.org/promise-worker-transferable/-/promise-worker-transferable-1.0.4.tgz 0ms (cache hit)
140 http cache punycode@https://registry.npmjs.org/punycode/-/punycode-2.3.1.tgz 0ms (cache hit)
141 http cache prelude-ls@https://registry.npmjs.org/prelude-ls/-/prelude-ls-1.2.1.tgz 0ms (cache hit)
142 http cache postcss-value-parser@https://registry.npmjs.org/postcss-value-parser/-/postcss-value-parser-4.2.0.tgz 0ms (cache hit)
143 http cache potpack@https://registry.npmjs.org/potpack/-/potpack-1.0.2.tgz 0ms (cache hit)
144 http cache possible-typed-array-names@https://registry.npmjs.org/possible-typed-array-names/-/possible-typed-array-names-1.1.0.tgz 0ms (cache hit)
145 http cache postcss-nested@https://registry.npmjs.org/postcss-nested/-/postcss-nested-6.2.0.tgz 0ms (cache hit)
146 http cache postcss-js@https://registry.npmjs.org/postcss-js/-/postcss-js-4.0.1.tgz 0ms (cache hit)
147 http cache postcss-selector-parser@https://registry.npmjs.org/postcss-selector-parser/-/postcss-selector-parser-6.1.2.tgz 0ms (cache hit)
148 http cache postcss-import@https://registry.npmjs.org/postcss-import/-/postcss-import-15.1.0.tgz 0ms (cache hit)
149 http cache postcss@https://registry.npmjs.org/postcss/-/postcss-8.5.4.tgz 0ms (cache hit)
150 http cache pify@https://registry.npmjs.org/pify/-/pify-2.3.0.tgz 0ms (cache hit)
151 http cache picocolors@https://registry.npmjs.org/picocolors/-/picocolors-1.1.1.tgz 0ms (cache hit)
152 http cache path-scurry@https://registry.npmjs.org/path-scurry/-/path-scurry-1.11.1.tgz 0ms (cache hit)
153 http cache path-parse@https://registry.npmjs.org/path-parse/-/path-parse-1.0.7.tgz 0ms (cache hit)
154 http cache path-is-absolute@https://registry.npmjs.org/path-is-absolute/-/path-is-absolute-1.0.1.tgz 0ms (cache hit)
155 http cache pirates@https://registry.npmjs.org/pirates/-/pirates-4.0.7.tgz 0ms (cache hit)
156 http cache path-key@https://registry.npmjs.org/path-key/-/path-key-3.1.1.tgz 0ms (cache hit)
157 http cache path-exists@https://registry.npmjs.org/path-exists/-/path-exists-4.0.0.tgz 0ms (cache hit)
158 http cache package-json-from-dist@https://registry.npmjs.org/package-json-from-dist/-/package-json-from-dist-1.0.1.tgz 0ms (cache hit)
159 http cache p-limit@https://registry.npmjs.org/p-limit/-/p-limit-3.1.0.tgz 0ms (cache hit)
160 http cache picomatch@https://registry.npmjs.org/picomatch/-/picomatch-2.3.1.tgz 0ms (cache hit)
161 http cache p-locate@https://registry.npmjs.org/p-locate/-/p-locate-5.0.0.tgz 0ms (cache hit)
162 http cache parent-module@https://registry.npmjs.org/parent-module/-/parent-module-1.0.1.tgz 0ms (cache hit)
163 http cache own-keys@https://registry.npmjs.org/own-keys/-/own-keys-1.0.1.tgz 0ms (cache hit)
164 http cache optionator@https://registry.npmjs.org/optionator/-/optionator-0.9.4.tgz 0ms (cache hit)
165 http cache once@https://registry.npmjs.org/once/-/once-1.4.0.tgz 0ms (cache hit)
166 http cache object.groupby@https://registry.npmjs.org/object.groupby/-/object.groupby-1.0.3.tgz 0ms (cache hit)
167 http cache object.values@https://registry.npmjs.org/object.values/-/object.values-1.2.1.tgz 0ms (cache hit)
168 http cache object.entries@https://registry.npmjs.org/object.entries/-/object.entries-1.1.9.tgz 0ms (cache hit)
169 http cache object.fromentries@https://registry.npmjs.org/object.fromentries/-/object.fromentries-2.0.8.tgz 0ms (cache hit)
170 http cache object-keys@https://registry.npmjs.org/object-keys/-/object-keys-1.1.1.tgz 0ms (cache hit)
171 http cache object.assign@https://registry.npmjs.org/object.assign/-/object.assign-4.1.7.tgz 0ms (cache hit)
172 http cache object-inspect@https://registry.npmjs.org/object-inspect/-/object-inspect-1.13.4.tgz 0ms (cache hit)
173 http cache object-assign@https://registry.npmjs.org/object-assign/-/object-assign-4.1.1.tgz 0ms (cache hit)
174 http cache normalize-path@https://registry.npmjs.org/normalize-path/-/normalize-path-3.0.0.tgz 0ms (cache hit)
175 http cache next@https://registry.npmjs.org/next/-/next-15.0.0.tgz 0ms (cache hit)
176 http cache normalize-range@https://registry.npmjs.org/normalize-range/-/normalize-range-0.1.2.tgz 0ms (cache hit)
177 http cache node-releases@https://registry.npmjs.org/node-releases/-/node-releases-2.0.19.tgz 0ms (cache hit)
178 http cache natural-compare@https://registry.npmjs.org/natural-compare/-/natural-compare-1.4.0.tgz 0ms (cache hit)
179 http cache mz@https://registry.npmjs.org/mz/-/mz-2.7.0.tgz 0ms (cache hit)
180 http cache nanoid@https://registry.npmjs.org/nanoid/-/nanoid-3.3.11.tgz 0ms (cache hit)
181 http cache napi-postinstall@https://registry.npmjs.org/napi-postinstall/-/napi-postinstall-0.2.4.tgz 0ms (cache hit)
182 http cache ms@https://registry.npmjs.org/ms/-/ms-2.1.3.tgz 0ms (cache hit)
183 http cache minimist@https://registry.npmjs.org/minimist/-/minimist-1.2.8.tgz 0ms (cache hit)
184 http cache minipass@https://registry.npmjs.org/minipass/-/minipass-7.1.2.tgz 0ms (cache hit)
185 http cache micromatch@https://registry.npmjs.org/micromatch/-/micromatch-4.0.8.tgz 0ms (cache hit)
186 http cache object-hash@https://registry.npmjs.org/object-hash/-/object-hash-3.0.0.tgz 0ms (cache hit)
187 http cache minimatch@https://registry.npmjs.org/minimatch/-/minimatch-3.1.2.tgz 0ms (cache hit)
188 http cache meshoptimizer@https://registry.npmjs.org/meshoptimizer/-/meshoptimizer-0.18.1.tgz 0ms (cache hit)
189 http cache meshline@https://registry.npmjs.org/meshline/-/meshline-3.3.1.tgz 0ms (cache hit)
190 http cache maath@https://registry.npmjs.org/maath/-/maath-0.10.8.tgz 0ms (cache hit)
191 http cache merge2@https://registry.npmjs.org/merge2/-/merge2-1.4.1.tgz 0ms (cache hit)
192 http cache math-intrinsics@https://registry.npmjs.org/math-intrinsics/-/math-intrinsics-1.1.0.tgz 0ms (cache hit)
193 http cache lucide-react@https://registry.npmjs.org/lucide-react/-/lucide-react-0.292.0.tgz 0ms (cache hit)
194 http cache loose-envify@https://registry.npmjs.org/loose-envify/-/loose-envify-1.4.0.tgz 0ms (cache hit)
195 http cache lodash.merge@https://registry.npmjs.org/lodash.merge/-/lodash.merge-4.6.2.tgz 0ms (cache hit)
196 http cache locate-path@https://registry.npmjs.org/locate-path/-/locate-path-6.0.0.tgz 0ms (cache hit)
197 http cache lru-cache@https://registry.npmjs.org/lru-cache/-/lru-cache-10.4.3.tgz 0ms (cache hit)
198 http cache lilconfig@https://registry.npmjs.org/lilconfig/-/lilconfig-3.1.3.tgz 0ms (cache hit)
199 http cache lie@https://registry.npmjs.org/lie/-/lie-3.3.0.tgz 0ms (cache hit)
200 http cache lines-and-columns@https://registry.npmjs.org/lines-and-columns/-/lines-and-columns-1.2.4.tgz 0ms (cache hit)
201 http cache levn@https://registry.npmjs.org/levn/-/levn-0.4.1.tgz 0ms (cache hit)
202 http cache language-subtag-registry@https://registry.npmjs.org/language-subtag-registry/-/language-subtag-registry-0.3.23.tgz 0ms (cache hit)
203 http cache language-tags@https://registry.npmjs.org/language-tags/-/language-tags-1.0.9.tgz 0ms (cache hit)
204 http cache keyv@https://registry.npmjs.org/keyv/-/keyv-4.5.4.tgz 0ms (cache hit)
205 http cache jsx-ast-utils@https://registry.npmjs.org/jsx-ast-utils/-/jsx-ast-utils-3.3.5.tgz 0ms (cache hit)
206 http cache json5@https://registry.npmjs.org/json5/-/json5-1.0.2.tgz 0ms (cache hit)
207 http cache json-schema-traverse@https://registry.npmjs.org/json-schema-traverse/-/json-schema-traverse-0.4.1.tgz 0ms (cache hit)
208 http cache json-stable-stringify-without-jsonify@https://registry.npmjs.org/json-stable-stringify-without-jsonify/-/json-stable-stringify-without-jsonify-1.0.1.tgz 0ms (cache hit)
209 http cache json-buffer@https://registry.npmjs.org/json-buffer/-/json-buffer-3.0.1.tgz 0ms (cache hit)
210 http cache js-yaml@https://registry.npmjs.org/js-yaml/-/js-yaml-4.1.0.tgz 0ms (cache hit)
211 http cache jiti@https://registry.npmjs.org/jiti/-/jiti-1.21.7.tgz 0ms (cache hit)
212 http cache jackspeak@https://registry.npmjs.org/jackspeak/-/jackspeak-3.4.3.tgz 0ms (cache hit)
213 http cache its-fine@https://registry.npmjs.org/its-fine/-/its-fine-2.0.0.tgz 0ms (cache hit)
214 http cache js-tokens@https://registry.npmjs.org/js-tokens/-/js-tokens-4.0.0.tgz 0ms (cache hit)
215 http cache iterator.prototype@https://registry.npmjs.org/iterator.prototype/-/iterator.prototype-1.1.5.tgz 0ms (cache hit)
216 http cache isarray@https://registry.npmjs.org/isarray/-/isarray-2.0.5.tgz 0ms (cache hit)
217 http cache isexe@https://registry.npmjs.org/isexe/-/isexe-2.0.0.tgz 0ms (cache hit)
218 http cache is-weakset@https://registry.npmjs.org/is-weakset/-/is-weakset-2.0.4.tgz 0ms (cache hit)
219 http cache is-weakref@https://registry.npmjs.org/is-weakref/-/is-weakref-1.1.1.tgz 0ms (cache hit)
220 http cache is-weakmap@https://registry.npmjs.org/is-weakmap/-/is-weakmap-2.0.2.tgz 0ms (cache hit)
221 http cache is-symbol@https://registry.npmjs.org/is-symbol/-/is-symbol-1.1.1.tgz 0ms (cache hit)
222 http cache is-string@https://registry.npmjs.org/is-string/-/is-string-1.1.1.tgz 0ms (cache hit)
223 http cache is-shared-array-buffer@https://registry.npmjs.org/is-shared-array-buffer/-/is-shared-array-buffer-1.0.4.tgz 0ms (cache hit)
224 http cache is-set@https://registry.npmjs.org/is-set/-/is-set-2.0.3.tgz 0ms (cache hit)
225 http cache is-typed-array@https://registry.npmjs.org/is-typed-array/-/is-typed-array-1.1.15.tgz 0ms (cache hit)
226 http cache is-promise@https://registry.npmjs.org/is-promise/-/is-promise-2.2.2.tgz 0ms (cache hit)
227 http cache is-path-inside@https://registry.npmjs.org/is-path-inside/-/is-path-inside-3.0.3.tgz 0ms (cache hit)
228 http cache is-regex@https://registry.npmjs.org/is-regex/-/is-regex-1.2.1.tgz 0ms (cache hit)
229 http cache is-map@https://registry.npmjs.org/is-map/-/is-map-2.0.3.tgz 0ms (cache hit)
230 http cache is-number@https://registry.npmjs.org/is-number/-/is-number-7.0.0.tgz 0ms (cache hit)
231 http cache is-negative-zero@https://registry.npmjs.org/is-negative-zero/-/is-negative-zero-2.0.3.tgz 0ms (cache hit)
232 http cache is-generator-function@https://registry.npmjs.org/is-generator-function/-/is-generator-function-1.1.0.tgz 0ms (cache hit)
233 http cache is-fullwidth-code-point@https://registry.npmjs.org/is-fullwidth-code-point/-/is-fullwidth-code-point-3.0.0.tgz 0ms (cache hit)
234 http cache is-finalizationregistry@https://registry.npmjs.org/is-finalizationregistry/-/is-finalizationregistry-1.1.1.tgz 0ms (cache hit)
235 http cache is-extglob@https://registry.npmjs.org/is-extglob/-/is-extglob-2.1.1.tgz 0ms (cache hit)
236 http cache is-date-object@https://registry.npmjs.org/is-date-object/-/is-date-object-1.1.0.tgz 0ms (cache hit)
237 http cache is-data-view@https://registry.npmjs.org/is-data-view/-/is-data-view-1.0.2.tgz 0ms (cache hit)
238 http cache is-number-object@https://registry.npmjs.org/is-number-object/-/is-number-object-1.1.1.tgz 0ms (cache hit)
239 http cache is-core-module@https://registry.npmjs.org/is-core-module/-/is-core-module-2.16.1.tgz 0ms (cache hit)
240 http cache is-glob@https://registry.npmjs.org/is-glob/-/is-glob-4.0.3.tgz 0ms (cache hit)
241 http cache is-callable@https://registry.npmjs.org/is-callable/-/is-callable-1.2.7.tgz 0ms (cache hit)
242 http cache is-bun-module@https://registry.npmjs.org/is-bun-module/-/is-bun-module-2.0.0.tgz 0ms (cache hit)
243 http cache is-binary-path@https://registry.npmjs.org/is-binary-path/-/is-binary-path-2.1.0.tgz 0ms (cache hit)
244 http cache is-bigint@https://registry.npmjs.org/is-bigint/-/is-bigint-1.1.0.tgz 0ms (cache hit)
245 http cache is-async-function@https://registry.npmjs.org/is-async-function/-/is-async-function-2.1.1.tgz 0ms (cache hit)
246 http cache is-array-buffer@https://registry.npmjs.org/is-array-buffer/-/is-array-buffer-3.0.5.tgz 0ms (cache hit)
247 http cache internal-slot@https://registry.npmjs.org/internal-slot/-/internal-slot-1.1.0.tgz 0ms (cache hit)
248 http cache is-boolean-object@https://registry.npmjs.org/is-boolean-object/-/is-boolean-object-1.2.2.tgz 0ms (cache hit)
249 http cache inherits@https://registry.npmjs.org/inherits/-/inherits-2.0.4.tgz 0ms (cache hit)
250 http cache immediate@https://registry.npmjs.org/immediate/-/immediate-3.0.6.tgz 0ms (cache hit)
251 http cache imurmurhash@https://registry.npmjs.org/imurmurhash/-/imurmurhash-0.1.4.tgz 0ms (cache hit)
252 http cache inflight@https://registry.npmjs.org/inflight/-/inflight-1.0.6.tgz 0ms (cache hit)
253 http cache import-fresh@https://registry.npmjs.org/import-fresh/-/import-fresh-3.3.1.tgz 0ms (cache hit)
254 http cache ieee754@https://registry.npmjs.org/ieee754/-/ieee754-1.2.1.tgz 0ms (cache hit)
255 http cache hls.js@https://registry.npmjs.org/hls.js/-/hls.js-1.6.5.tgz 0ms (cache hit)
256 http cache has-tostringtag@https://registry.npmjs.org/has-tostringtag/-/has-tostringtag-1.0.2.tgz 0ms (cache hit)
257 http cache has-symbols@https://registry.npmjs.org/has-symbols/-/has-symbols-1.1.0.tgz 0ms (cache hit)
258 http cache hasown@https://registry.npmjs.org/hasown/-/hasown-2.0.2.tgz 0ms (cache hit)
259 http cache has-proto@https://registry.npmjs.org/has-proto/-/has-proto-1.2.0.tgz 0ms (cache hit)
260 http cache ignore@https://registry.npmjs.org/ignore/-/ignore-5.3.2.tgz 0ms (cache hit)
261 http cache has-property-descriptors@https://registry.npmjs.org/has-property-descriptors/-/has-property-descriptors-1.0.2.tgz 0ms (cache hit)
262 http cache has-flag@https://registry.npmjs.org/has-flag/-/has-flag-4.0.0.tgz 0ms (cache hit)
263 http cache has-bigints@https://registry.npmjs.org/has-bigints/-/has-bigints-1.1.0.tgz 0ms (cache hit)
264 http cache graphemer@https://registry.npmjs.org/graphemer/-/graphemer-1.4.0.tgz 0ms (cache hit)
265 http cache gopd@https://registry.npmjs.org/gopd/-/gopd-1.2.0.tgz 0ms (cache hit)
266 http cache globals@https://registry.npmjs.org/globals/-/globals-13.24.0.tgz 0ms (cache hit)
267 http cache globalthis@https://registry.npmjs.org/globalthis/-/globalthis-1.0.4.tgz 0ms (cache hit)
268 http cache glsl-noise@https://registry.npmjs.org/glsl-noise/-/glsl-noise-0.0.0.tgz 0ms (cache hit)
269 http cache glob@https://registry.npmjs.org/glob/-/glob-7.2.3.tgz 0ms (cache hit)
270 http cache glob-parent@https://registry.npmjs.org/glob-parent/-/glob-parent-6.0.2.tgz 0ms (cache hit)
271 http cache get-tsconfig@https://registry.npmjs.org/get-tsconfig/-/get-tsconfig-4.10.1.tgz 0ms (cache hit)
272 http cache get-symbol-description@https://registry.npmjs.org/get-symbol-description/-/get-symbol-description-1.1.0.tgz 0ms (cache hit)
273 http cache get-intrinsic@https://registry.npmjs.org/get-intrinsic/-/get-intrinsic-1.3.0.tgz 0ms (cache hit)
274 http cache functions-have-names@https://registry.npmjs.org/functions-have-names/-/functions-have-names-1.2.3.tgz 0ms (cache hit)
275 http cache function.prototype.name@https://registry.npmjs.org/function.prototype.name/-/function.prototype.name-1.1.8.tgz 0ms (cache hit)
276 http cache function-bind@https://registry.npmjs.org/function-bind/-/function-bind-1.1.2.tgz 0ms (cache hit)
277 http cache fsevents@https://registry.npmjs.org/fsevents/-/fsevents-2.3.3.tgz 0ms (cache hit)
278 http cache fs.realpath@https://registry.npmjs.org/fs.realpath/-/fs.realpath-1.0.0.tgz 0ms (cache hit)
279 http cache is-arrayish@https://registry.npmjs.org/is-arrayish/-/is-arrayish-0.3.2.tgz 0ms (cache hit)
280 http cache framer-motion@https://registry.npmjs.org/framer-motion/-/framer-motion-10.18.0.tgz 0ms (cache hit)
281 http cache fraction.js@https://registry.npmjs.org/fraction.js/-/fraction.js-4.3.7.tgz 0ms (cache hit)
282 http cache get-proto@https://registry.npmjs.org/get-proto/-/get-proto-1.0.1.tgz 0ms (cache hit)
283 http cache for-each@https://registry.npmjs.org/for-each/-/for-each-0.3.5.tgz 0ms (cache hit)
284 http cache foreground-child@https://registry.npmjs.org/foreground-child/-/foreground-child-3.3.1.tgz 0ms (cache hit)
285 http cache flatted@https://registry.npmjs.org/flatted/-/flatted-3.3.3.tgz 0ms (cache hit)
286 http cache flat-cache@https://registry.npmjs.org/flat-cache/-/flat-cache-3.2.0.tgz 0ms (cache hit)
287 http cache file-entry-cache@https://registry.npmjs.org/file-entry-cache/-/file-entry-cache-6.0.1.tgz 0ms (cache hit)
288 http cache fflate@https://registry.npmjs.org/fflate/-/fflate-0.8.2.tgz 0ms (cache hit)
289 http cache fastq@https://registry.npmjs.org/fastq/-/fastq-1.19.1.tgz 0ms (cache hit)
290 http cache fast-levenshtein@https://registry.npmjs.org/fast-levenshtein/-/fast-levenshtein-2.0.6.tgz 0ms (cache hit)
291 http cache fast-json-stable-stringify@https://registry.npmjs.org/fast-json-stable-stringify/-/fast-json-stable-stringify-2.1.0.tgz 0ms (cache hit)
292 http cache fill-range@https://registry.npmjs.org/fill-range/-/fill-range-7.1.1.tgz 0ms (cache hit)
293 http cache fast-glob@https://registry.npmjs.org/fast-glob/-/fast-glob-3.3.1.tgz 0ms (cache hit)
294 http cache esutils@https://registry.npmjs.org/esutils/-/esutils-2.0.3.tgz 0ms (cache hit)
295 http cache estraverse@https://registry.npmjs.org/estraverse/-/estraverse-5.3.0.tgz 0ms (cache hit)
296 http cache esrecurse@https://registry.npmjs.org/esrecurse/-/esrecurse-4.3.0.tgz 0ms (cache hit)
297 http cache esquery@https://registry.npmjs.org/esquery/-/esquery-1.6.0.tgz 0ms (cache hit)
298 http cache fast-deep-equal@https://registry.npmjs.org/fast-deep-equal/-/fast-deep-equal-3.1.3.tgz 0ms (cache hit)
299 http cache espree@https://registry.npmjs.org/espree/-/espree-9.6.1.tgz 0ms (cache hit)
300 http cache eslint-visitor-keys@https://registry.npmjs.org/eslint-visitor-keys/-/eslint-visitor-keys-3.4.3.tgz 0ms (cache hit)
301 http cache eslint-scope@https://registry.npmjs.org/eslint-scope/-/eslint-scope-7.2.2.tgz 0ms (cache hit)
302 http cache eslint-plugin-react-hooks@https://registry.npmjs.org/eslint-plugin-react-hooks/-/eslint-plugin-react-hooks-5.2.0.tgz 0ms (cache hit)
303 http cache eslint-plugin-jsx-a11y@https://registry.npmjs.org/eslint-plugin-jsx-a11y/-/eslint-plugin-jsx-a11y-6.10.2.tgz 0ms (cache hit)
304 http cache eslint-plugin-react@https://registry.npmjs.org/eslint-plugin-react/-/eslint-plugin-react-7.37.5.tgz 0ms (cache hit)
305 http cache eslint-plugin-import@https://registry.npmjs.org/eslint-plugin-import/-/eslint-plugin-import-2.31.0.tgz 0ms (cache hit)
306 http cache eslint-module-utils@https://registry.npmjs.org/eslint-module-utils/-/eslint-module-utils-2.12.0.tgz 0ms (cache hit)
307 http cache eslint-import-resolver-typescript@https://registry.npmjs.org/eslint-import-resolver-typescript/-/eslint-import-resolver-typescript-3.10.1.tgz 0ms (cache hit)
308 http cache eslint-import-resolver-node@https://registry.npmjs.org/eslint-import-resolver-node/-/eslint-import-resolver-node-0.3.9.tgz 0ms (cache hit)
309 http cache eslint-config-next@https://registry.npmjs.org/eslint-config-next/-/eslint-config-next-15.0.0.tgz 0ms (cache hit)
310 http cache eslint@https://registry.npmjs.org/eslint/-/eslint-8.57.1.tgz 0ms (cache hit)
311 http cache escape-string-regexp@https://registry.npmjs.org/escape-string-regexp/-/escape-string-regexp-4.0.0.tgz 0ms (cache hit)
312 http cache escalade@https://registry.npmjs.org/escalade/-/escalade-3.2.0.tgz 0ms (cache hit)
313 http cache es-to-primitive@https://registry.npmjs.org/es-to-primitive/-/es-to-primitive-1.3.0.tgz 0ms (cache hit)
314 http cache find-up@https://registry.npmjs.org/find-up/-/find-up-5.0.0.tgz 0ms (cache hit)
315 http cache es-shim-unscopables@https://registry.npmjs.org/es-shim-unscopables/-/es-shim-unscopables-1.1.0.tgz 0ms (cache hit)
316 http cache es-set-tostringtag@https://registry.npmjs.org/es-set-tostringtag/-/es-set-tostringtag-2.1.0.tgz 0ms (cache hit)
317 http cache es-object-atoms@https://registry.npmjs.org/es-object-atoms/-/es-object-atoms-1.1.1.tgz 0ms (cache hit)
318 http cache es-errors@https://registry.npmjs.org/es-errors/-/es-errors-1.3.0.tgz 0ms (cache hit)
319 http cache emoji-regex@https://registry.npmjs.org/emoji-regex/-/emoji-regex-9.2.2.tgz 0ms (cache hit)
320 http cache es-abstract@https://registry.npmjs.org/es-abstract/-/es-abstract-1.24.0.tgz 0ms (cache hit)
321 http cache electron-to-chromium@https://registry.npmjs.org/electron-to-chromium/-/electron-to-chromium-1.5.166.tgz 0ms (cache hit)
322 http cache eastasianwidth@https://registry.npmjs.org/eastasianwidth/-/eastasianwidth-0.2.0.tgz 0ms (cache hit)
323 http cache dunder-proto@https://registry.npmjs.org/dunder-proto/-/dunder-proto-1.0.1.tgz 0ms (cache hit)
324 http cache es-define-property@https://registry.npmjs.org/es-define-property/-/es-define-property-1.0.1.tgz 0ms (cache hit)
325 http cache draco3d@https://registry.npmjs.org/draco3d/-/draco3d-1.5.7.tgz 0ms (cache hit)
326 http cache es-iterator-helpers@https://registry.npmjs.org/es-iterator-helpers/-/es-iterator-helpers-1.2.1.tgz 0ms (cache hit)
327 http cache doctrine@https://registry.npmjs.org/doctrine/-/doctrine-3.0.0.tgz 0ms (cache hit)
328 http cache dlv@https://registry.npmjs.org/dlv/-/dlv-1.1.3.tgz 0ms (cache hit)
329 http cache detect-gpu@https://registry.npmjs.org/detect-gpu/-/detect-gpu-5.0.70.tgz 0ms (cache hit)
330 http cache detect-libc@https://registry.npmjs.org/detect-libc/-/detect-libc-2.0.4.tgz 0ms (cache hit)
331 http cache define-properties@https://registry.npmjs.org/define-properties/-/define-properties-1.2.1.tgz 0ms (cache hit)
332 http cache define-data-property@https://registry.npmjs.org/define-data-property/-/define-data-property-1.1.4.tgz 0ms (cache hit)
333 http cache deep-is@https://registry.npmjs.org/deep-is/-/deep-is-0.1.4.tgz 0ms (cache hit)
334 http cache didyoumean@https://registry.npmjs.org/didyoumean/-/didyoumean-1.2.2.tgz 0ms (cache hit)
335 http cache debug@https://registry.npmjs.org/debug/-/debug-4.4.1.tgz 0ms (cache hit)
336 http cache data-view-byte-length@https://registry.npmjs.org/data-view-byte-length/-/data-view-byte-length-1.0.2.tgz 0ms (cache hit)
337 http cache data-view-buffer@https://registry.npmjs.org/data-view-buffer/-/data-view-buffer-1.0.2.tgz 0ms (cache hit)
338 http cache damerau-levenshtein@https://registry.npmjs.org/damerau-levenshtein/-/damerau-levenshtein-1.0.8.tgz 0ms (cache hit)
339 http cache data-view-byte-offset@https://registry.npmjs.org/data-view-byte-offset/-/data-view-byte-offset-1.0.1.tgz 0ms (cache hit)
340 http cache csstype@https://registry.npmjs.org/csstype/-/csstype-3.1.3.tgz 0ms (cache hit)
341 http cache cssesc@https://registry.npmjs.org/cssesc/-/cssesc-3.0.0.tgz 0ms (cache hit)
342 http cache cross-spawn@https://registry.npmjs.org/cross-spawn/-/cross-spawn-7.0.6.tgz 0ms (cache hit)
343 http cache cross-env@https://registry.npmjs.org/cross-env/-/cross-env-7.0.3.tgz 0ms (cache hit)
344 http cache commander@https://registry.npmjs.org/commander/-/commander-4.1.1.tgz 0ms (cache hit)
345 http cache concat-map@https://registry.npmjs.org/concat-map/-/concat-map-0.0.1.tgz 0ms (cache hit)
346 http cache color-string@https://registry.npmjs.org/color-string/-/color-string-1.9.1.tgz 0ms (cache hit)
347 http cache color-convert@https://registry.npmjs.org/color-convert/-/color-convert-2.0.1.tgz 0ms (cache hit)
348 http cache color@https://registry.npmjs.org/color/-/color-4.2.3.tgz 0ms (cache hit)
349 http cache chalk@https://registry.npmjs.org/chalk/-/chalk-4.1.2.tgz 0ms (cache hit)
350 http cache color-name@https://registry.npmjs.org/color-name/-/color-name-1.1.4.tgz 0ms (cache hit)
351 http cache client-only@https://registry.npmjs.org/client-only/-/client-only-0.0.1.tgz 0ms (cache hit)
352 http cache caniuse-lite@https://registry.npmjs.org/caniuse-lite/-/caniuse-lite-1.0.30001721.tgz 0ms (cache hit)
353 http cache camelcase-css@https://registry.npmjs.org/camelcase-css/-/camelcase-css-2.0.1.tgz 0ms (cache hit)
354 http cache call-bind-apply-helpers@https://registry.npmjs.org/call-bind-apply-helpers/-/call-bind-apply-helpers-1.0.2.tgz 0ms (cache hit)
355 http cache callsites@https://registry.npmjs.org/callsites/-/callsites-3.1.0.tgz 0ms (cache hit)
356 http cache call-bind@https://registry.npmjs.org/call-bind/-/call-bind-1.0.8.tgz 0ms (cache hit)
357 http cache camera-controls@https://registry.npmjs.org/camera-controls/-/camera-controls-2.10.1.tgz 0ms (cache hit)
358 http cache busboy@https://registry.npmjs.org/busboy/-/busboy-1.6.0.tgz 0ms (cache hit)
359 http cache call-bound@https://registry.npmjs.org/call-bound/-/call-bound-1.0.4.tgz 0ms (cache hit)
360 http cache buffer@https://registry.npmjs.org/buffer/-/buffer-6.0.3.tgz 0ms (cache hit)
361 http cache browserslist@https://registry.npmjs.org/browserslist/-/browserslist-4.25.0.tgz 0ms (cache hit)
362 http cache braces@https://registry.npmjs.org/braces/-/braces-3.0.3.tgz 0ms (cache hit)
363 http cache binary-extensions@https://registry.npmjs.org/binary-extensions/-/binary-extensions-2.3.0.tgz 0ms (cache hit)
364 http cache bidi-js@https://registry.npmjs.org/bidi-js/-/bidi-js-1.0.3.tgz 0ms (cache hit)
365 http cache base64-js@https://registry.npmjs.org/base64-js/-/base64-js-1.5.1.tgz 0ms (cache hit)
366 http cache axobject-query@https://registry.npmjs.org/axobject-query/-/axobject-query-4.1.0.tgz 0ms (cache hit)
367 http cache axe-core@https://registry.npmjs.org/axe-core/-/axe-core-4.10.3.tgz 0ms (cache hit)
368 http cache brace-expansion@https://registry.npmjs.org/brace-expansion/-/brace-expansion-1.1.11.tgz 0ms (cache hit)
369 http cache available-typed-arrays@https://registry.npmjs.org/available-typed-arrays/-/available-typed-arrays-1.0.7.tgz 0ms (cache hit)
370 http cache balanced-match@https://registry.npmjs.org/balanced-match/-/balanced-match-1.0.2.tgz 0ms (cache hit)
371 http cache async-function@https://registry.npmjs.org/async-function/-/async-function-1.0.0.tgz 0ms (cache hit)
372 http cache ast-types-flow@https://registry.npmjs.org/ast-types-flow/-/ast-types-flow-0.0.8.tgz 0ms (cache hit)
373 http cache autoprefixer@https://registry.npmjs.org/autoprefixer/-/autoprefixer-10.4.21.tgz 0ms (cache hit)
374 http cache arraybuffer.prototype.slice@https://registry.npmjs.org/arraybuffer.prototype.slice/-/arraybuffer.prototype.slice-1.0.4.tgz 0ms (cache hit)
375 http cache array.prototype.tosorted@https://registry.npmjs.org/array.prototype.tosorted/-/array.prototype.tosorted-1.1.4.tgz 0ms (cache hit)
376 http cache chokidar@https://registry.npmjs.org/chokidar/-/chokidar-3.6.0.tgz 0ms (cache hit)
377 http cache array.prototype.findlastindex@https://registry.npmjs.org/array.prototype.findlastindex/-/array.prototype.findlastindex-1.2.6.tgz 0ms (cache hit)
378 http cache array-includes@https://registry.npmjs.org/array-includes/-/array-includes-3.1.9.tgz 0ms (cache hit)
379 http cache array-buffer-byte-length@https://registry.npmjs.org/array-buffer-byte-length/-/array-buffer-byte-length-1.0.2.tgz 0ms (cache hit)
380 http cache array.prototype.flatmap@https://registry.npmjs.org/array.prototype.flatmap/-/array.prototype.flatmap-1.3.3.tgz 0ms (cache hit)
381 http cache array.prototype.findlast@https://registry.npmjs.org/array.prototype.findlast/-/array.prototype.findlast-1.2.5.tgz 0ms (cache hit)
382 http cache argparse@https://registry.npmjs.org/argparse/-/argparse-2.0.1.tgz 0ms (cache hit)
383 http cache array.prototype.flat@https://registry.npmjs.org/array.prototype.flat/-/array.prototype.flat-1.3.3.tgz 0ms (cache hit)
384 http cache arg@https://registry.npmjs.org/arg/-/arg-5.0.2.tgz 0ms (cache hit)
385 http cache anymatch@https://registry.npmjs.org/anymatch/-/anymatch-3.1.3.tgz 0ms (cache hit)
386 http cache any-promise@https://registry.npmjs.org/any-promise/-/any-promise-1.3.0.tgz 0ms (cache hit)
387 http cache ansi-styles@https://registry.npmjs.org/ansi-styles/-/ansi-styles-4.3.0.tgz 0ms (cache hit)
388 http cache ansi-regex@https://registry.npmjs.org/ansi-regex/-/ansi-regex-5.0.1.tgz 0ms (cache hit)
389 http cache ajv@https://registry.npmjs.org/ajv/-/ajv-6.12.6.tgz 0ms (cache hit)
390 http cache acorn-jsx@https://registry.npmjs.org/acorn-jsx/-/acorn-jsx-5.3.2.tgz 0ms (cache hit)
391 http cache acorn@https://registry.npmjs.org/acorn/-/acorn-8.15.0.tgz 0ms (cache hit)
392 http cache @use-gesture/react@https://registry.npmjs.org/@use-gesture/react/-/react-10.3.1.tgz 0ms (cache hit)
393 http cache @typescript-eslint/visitor-keys@https://registry.npmjs.org/@typescript-eslint/visitor-keys/-/visitor-keys-8.34.0.tgz 0ms (cache hit)
394 http cache @ungap/structured-clone@https://registry.npmjs.org/@ungap/structured-clone/-/structured-clone-1.3.0.tgz 0ms (cache hit)
395 http cache @webgpu/types@https://registry.npmjs.org/@webgpu/types/-/types-0.1.61.tgz 0ms (cache hit)
396 http cache aria-query@https://registry.npmjs.org/aria-query/-/aria-query-5.3.2.tgz 0ms (cache hit)
397 http cache @typescript-eslint/utils@https://registry.npmjs.org/@typescript-eslint/utils/-/utils-8.34.0.tgz 0ms (cache hit)
398 http cache @use-gesture/core@https://registry.npmjs.org/@use-gesture/core/-/core-10.3.1.tgz 0ms (cache hit)
399 http cache @typescript-eslint/typescript-estree@https://registry.npmjs.org/@typescript-eslint/typescript-estree/-/typescript-estree-8.34.0.tgz 0ms (cache hit)
400 http cache @typescript-eslint/type-utils@https://registry.npmjs.org/@typescript-eslint/type-utils/-/type-utils-8.34.0.tgz 0ms (cache hit)
401 http cache @typescript-eslint/scope-manager@https://registry.npmjs.org/@typescript-eslint/scope-manager/-/scope-manager-8.34.0.tgz 0ms (cache hit)
402 http cache @typescript-eslint/tsconfig-utils@https://registry.npmjs.org/@typescript-eslint/tsconfig-utils/-/tsconfig-utils-8.34.0.tgz 0ms (cache hit)
403 http cache @typescript-eslint/parser@https://registry.npmjs.org/@typescript-eslint/parser/-/parser-8.34.0.tgz 0ms (cache hit)
404 http cache @typescript-eslint/eslint-plugin@https://registry.npmjs.org/@typescript-eslint/eslint-plugin/-/eslint-plugin-8.34.0.tgz 0ms (cache hit)
405 http cache @typescript-eslint/project-service@https://registry.npmjs.org/@typescript-eslint/project-service/-/project-service-8.34.0.tgz 0ms (cache hit)
406 http cache @types/webxr@https://registry.npmjs.org/@types/webxr/-/webxr-0.5.22.tgz 0ms (cache hit)
407 http cache @types/three@https://registry.npmjs.org/@types/three/-/three-0.177.0.tgz 0ms (cache hit)
408 http cache @types/react-reconciler@https://registry.npmjs.org/@types/react-reconciler/-/react-reconciler-0.28.9.tgz 0ms (cache hit)
409 http cache @types/react-dom@https://registry.npmjs.org/@types/react-dom/-/react-dom-18.3.7.tgz 0ms (cache hit)
410 http cache @types/react@https://registry.npmjs.org/@types/react/-/react-18.3.23.tgz 0ms (cache hit)
411 http cache @types/prop-types@https://registry.npmjs.org/@types/prop-types/-/prop-types-15.7.15.tgz 0ms (cache hit)
412 http cache @types/offscreencanvas@https://registry.npmjs.org/@types/offscreencanvas/-/offscreencanvas-2019.7.3.tgz 0ms (cache hit)
413 http cache @types/node@https://registry.npmjs.org/@types/node/-/node-20.19.0.tgz 0ms (cache hit)
414 http cache @types/json5@https://registry.npmjs.org/@types/json5/-/json5-0.0.29.tgz 0ms (cache hit)
415 http cache @types/draco3d@https://registry.npmjs.org/@types/draco3d/-/draco3d-1.4.10.tgz 0ms (cache hit)
416 http cache @tweenjs/tween.js@https://registry.npmjs.org/@tweenjs/tween.js/-/tween.js-23.1.3.tgz 0ms (cache hit)
417 http cache @swc/helpers@https://registry.npmjs.org/@swc/helpers/-/helpers-0.5.13.tgz 0ms (cache hit)
418 http cache @swc/counter@https://registry.npmjs.org/@swc/counter/-/counter-0.1.3.tgz 0ms (cache hit)
419 http cache @rushstack/eslint-patch@https://registry.npmjs.org/@rushstack/eslint-patch/-/eslint-patch-1.11.0.tgz 0ms (cache hit)
420 http cache @rtsao/scc@https://registry.npmjs.org/@rtsao/scc/-/scc-1.1.0.tgz 0ms (cache hit)
421 http cache @react-three/fiber@https://registry.npmjs.org/@react-three/fiber/-/fiber-9.1.2.tgz 0ms (cache hit)
422 http cache @react-three/drei@https://registry.npmjs.org/@react-three/drei/-/drei-10.1.2.tgz 0ms (cache hit)
423 http cache @pkgjs/parseargs@https://registry.npmjs.org/@pkgjs/parseargs/-/parseargs-0.11.0.tgz 0ms (cache hit)
424 http cache @nolyfill/is-core-module@https://registry.npmjs.org/@nolyfill/is-core-module/-/is-core-module-1.0.39.tgz 0ms (cache hit)
425 http cache @typescript-eslint/types@https://registry.npmjs.org/@typescript-eslint/types/-/types-8.34.0.tgz 0ms (cache hit)
426 http cache @nodelib/fs.walk@https://registry.npmjs.org/@nodelib/fs.walk/-/fs.walk-1.2.8.tgz 0ms (cache hit)
427 http cache @nodelib/fs.stat@https://registry.npmjs.org/@nodelib/fs.stat/-/fs.stat-2.0.5.tgz 0ms (cache hit)
428 http cache @nodelib/fs.scandir@https://registry.npmjs.org/@nodelib/fs.scandir/-/fs.scandir-2.1.5.tgz 0ms (cache hit)
429 http cache @types/stats.js@https://registry.npmjs.org/@types/stats.js/-/stats.js-0.17.4.tgz 0ms (cache hit)
430 http cache @next/swc-darwin-arm64@https://registry.npmjs.org/@next/swc-darwin-arm64/-/swc-darwin-arm64-15.0.0.tgz 0ms (cache hit)
431 http cache @next/env@https://registry.npmjs.org/@next/env/-/env-15.0.0.tgz 0ms (cache hit)
432 http cache @monogrid/gainmap-js@https://registry.npmjs.org/@monogrid/gainmap-js/-/gainmap-js-3.1.0.tgz 0ms (cache hit)
433 http cache @mediapipe/tasks-vision@https://registry.npmjs.org/@mediapipe/tasks-vision/-/tasks-vision-0.10.17.tgz 0ms (cache hit)
434 http cache @jridgewell/trace-mapping@https://registry.npmjs.org/@jridgewell/trace-mapping/-/trace-mapping-0.3.25.tgz 0ms (cache hit)
435 http cache @jridgewell/sourcemap-codec@https://registry.npmjs.org/@jridgewell/sourcemap-codec/-/sourcemap-codec-1.5.0.tgz 0ms (cache hit)
436 http cache @jridgewell/set-array@https://registry.npmjs.org/@jridgewell/set-array/-/set-array-1.2.1.tgz 0ms (cache hit)
437 http cache @next/eslint-plugin-next@https://registry.npmjs.org/@next/eslint-plugin-next/-/eslint-plugin-next-15.0.0.tgz 0ms (cache hit)
438 http cache @isaacs/cliui@https://registry.npmjs.org/@isaacs/cliui/-/cliui-8.0.2.tgz 0ms (cache hit)
439 http cache @jridgewell/resolve-uri@https://registry.npmjs.org/@jridgewell/resolve-uri/-/resolve-uri-3.1.2.tgz 0ms (cache hit)
440 http cache @humanwhocodes/object-schema@https://registry.npmjs.org/@humanwhocodes/object-schema/-/object-schema-2.0.3.tgz 0ms (cache hit)
441 http cache @humanwhocodes/module-importer@https://registry.npmjs.org/@humanwhocodes/module-importer/-/module-importer-1.0.1.tgz 0ms (cache hit)
442 http cache @humanwhocodes/config-array@https://registry.npmjs.org/@humanwhocodes/config-array/-/config-array-0.13.0.tgz 0ms (cache hit)
443 http cache @eslint/eslintrc@https://registry.npmjs.org/@eslint/eslintrc/-/eslintrc-2.1.4.tgz 0ms (cache hit)
444 http cache @eslint/js@https://registry.npmjs.org/@eslint/js/-/js-8.57.1.tgz 0ms (cache hit)
445 http cache @eslint-community/regexpp@https://registry.npmjs.org/@eslint-community/regexpp/-/regexpp-4.12.1.tgz 0ms (cache hit)
446 http cache @eslint-community/eslint-utils@https://registry.npmjs.org/@eslint-community/eslint-utils/-/eslint-utils-4.7.0.tgz 0ms (cache hit)
447 http cache @emotion/memoize@https://registry.npmjs.org/@emotion/memoize/-/memoize-0.7.4.tgz 0ms (cache hit)
448 http cache @emotion/is-prop-valid@https://registry.npmjs.org/@emotion/is-prop-valid/-/is-prop-valid-0.8.8.tgz 0ms (cache hit)
449 http cache @dimforge/rapier3d-compat@https://registry.npmjs.org/@dimforge/rapier3d-compat/-/rapier3d-compat-0.12.0.tgz 0ms (cache hit)
450 http cache @babel/runtime@https://registry.npmjs.org/@babel/runtime/-/runtime-7.27.6.tgz 0ms (cache hit)
451 http cache @jridgewell/gen-mapping@https://registry.npmjs.org/@jridgewell/gen-mapping/-/gen-mapping-0.3.8.tgz 0ms (cache hit)
452 http cache @alloc/quick-lru@https://registry.npmjs.org/@alloc/quick-lru/-/quick-lru-5.2.0.tgz 0ms (cache hit)
453 http cache strip-ansi@https://registry.npmjs.org/strip-ansi/-/strip-ansi-7.1.0.tgz 0ms (cache hit)
454 http cache emoji-regex@https://registry.npmjs.org/emoji-regex/-/emoji-regex-8.0.0.tgz 0ms (cache hit)
455 http cache ansi-styles@https://registry.npmjs.org/ansi-styles/-/ansi-styles-6.2.1.tgz 0ms (cache hit)
456 http cache ansi-regex@https://registry.npmjs.org/ansi-regex/-/ansi-regex-6.1.0.tgz 0ms (cache hit)
457 http cache string-width@https://registry.npmjs.org/string-width/-/string-width-4.2.3.tgz 0ms (cache hit)
458 http cache picomatch@https://registry.npmjs.org/picomatch/-/picomatch-4.0.2.tgz 0ms (cache hit)
459 http cache fdir@https://registry.npmjs.org/fdir/-/fdir-6.4.6.tgz 0ms (cache hit)
460 http cache fast-glob@https://registry.npmjs.org/fast-glob/-/fast-glob-3.3.3.tgz 0ms (cache hit)
461 http cache fflate@https://registry.npmjs.org/fflate/-/fflate-0.6.10.tgz 0ms (cache hit)
462 http cache postcss-load-config@https://registry.npmjs.org/postcss-load-config/-/postcss-load-config-4.0.2.tgz 0ms (cache hit)
463 http cache minimatch@https://registry.npmjs.org/minimatch/-/minimatch-9.0.5.tgz 0ms (cache hit)
464 http cache glob-parent@https://registry.npmjs.org/glob-parent/-/glob-parent-5.1.2.tgz 0ms (cache hit)
465 http cache zustand@https://registry.npmjs.org/zustand/-/zustand-4.5.7.tgz 0ms (cache hit)
466 http cache brace-expansion@https://registry.npmjs.org/brace-expansion/-/brace-expansion-2.0.1.tgz 0ms (cache hit)
467 http cache glob@https://registry.npmjs.org/glob/-/glob-10.4.5.tgz 0ms (cache hit)
468 http cache strip-ansi@https://registry.npmjs.org/strip-ansi/-/strip-ansi-7.1.0.tgz 0ms (cache hit)
469 http cache ansi-regex@https://registry.npmjs.org/ansi-regex/-/ansi-regex-6.1.0.tgz 0ms (cache hit)
470 http cache three@https://registry.npmjs.org/three/-/three-0.170.0.tgz 0ms (cache hit)
471 http cache postcss@https://registry.npmjs.org/postcss/-/postcss-8.4.31.tgz 0ms (cache hit)
472 http cache emoji-regex@https://registry.npmjs.org/emoji-regex/-/emoji-regex-8.0.0.tgz 0ms (cache hit)
473 http cache glob-parent@https://registry.npmjs.org/glob-parent/-/glob-parent-5.1.2.tgz 0ms (cache hit)
474 http cache scheduler@https://registry.npmjs.org/scheduler/-/scheduler-0.25.0.tgz 0ms (cache hit)
475 http cache semver@https://registry.npmjs.org/semver/-/semver-6.3.1.tgz 0ms (cache hit)
476 http cache doctrine@https://registry.npmjs.org/doctrine/-/doctrine-2.1.0.tgz 0ms (cache hit)
477 http cache resolve@https://registry.npmjs.org/resolve/-/resolve-2.0.0-next.5.tgz 0ms (cache hit)
478 http cache semver@https://registry.npmjs.org/semver/-/semver-6.3.1.tgz 0ms (cache hit)
479 http cache doctrine@https://registry.npmjs.org/doctrine/-/doctrine-2.1.0.tgz 0ms (cache hit)
480 http cache debug@https://registry.npmjs.org/debug/-/debug-3.2.7.tgz 0ms (cache hit)
481 http cache debug@https://registry.npmjs.org/debug/-/debug-3.2.7.tgz 0ms (cache hit)
482 http cache debug@https://registry.npmjs.org/debug/-/debug-3.2.7.tgz 0ms (cache hit)
483 http cache eslint-visitor-keys@https://registry.npmjs.org/eslint-visitor-keys/-/eslint-visitor-keys-4.2.1.tgz 0ms (cache hit)
484 http cache glob-parent@https://registry.npmjs.org/glob-parent/-/glob-parent-5.1.2.tgz 0ms (cache hit)
485 http cache ignore@https://registry.npmjs.org/ignore/-/ignore-7.0.5.tgz 0ms (cache hit)
486 http cache fast-glob@https://registry.npmjs.org/fast-glob/-/fast-glob-3.3.3.tgz 0ms (cache hit)
487 http cache scheduler@https://registry.npmjs.org/scheduler/-/scheduler-0.25.0.tgz 0ms (cache hit)
488 http cache brace-expansion@https://registry.npmjs.org/brace-expansion/-/brace-expansion-2.0.1.tgz 0ms (cache hit)
489 http cache minimatch@https://registry.npmjs.org/minimatch/-/minimatch-9.0.5.tgz 0ms (cache hit)
490 http cache ansi-regex@https://registry.npmjs.org/ansi-regex/-/ansi-regex-6.1.0.tgz 0ms (cache hit)
491 http cache strip-ansi@https://registry.npmjs.org/strip-ansi/-/strip-ansi-7.1.0.tgz 0ms (cache hit)
492 http cache glob-parent@https://registry.npmjs.org/glob-parent/-/glob-parent-5.1.2.tgz 0ms (cache hit)
493 silly tarball no local data for zustand@https://registry.npmjs.org/zustand/-/zustand-5.0.5.tgz. Extracting by manifest.
494 silly tarball no local data for wrappy@https://registry.npmjs.org/wrappy/-/wrappy-1.0.2.tgz. Extracting by manifest.
495 silly tarball no local data for wrap-ansi-cjs@https://registry.npmjs.org/wrap-ansi/-/wrap-ansi-7.0.0.tgz. Extracting by manifest.
496 silly tarball no local data for wrap-ansi@https://registry.npmjs.org/wrap-ansi/-/wrap-ansi-8.1.0.tgz. Extracting by manifest.
497 silly tarball no local data for yocto-queue@https://registry.npmjs.org/yocto-queue/-/yocto-queue-0.1.0.tgz. Extracting by manifest.
498 silly tarball no local data for word-wrap@https://registry.npmjs.org/word-wrap/-/word-wrap-1.2.5.tgz. Extracting by manifest.
499 silly tarball no local data for which-collection@https://registry.npmjs.org/which-collection/-/which-collection-1.0.2.tgz. Extracting by manifest.
500 silly tarball no local data for which-boxed-primitive@https://registry.npmjs.org/which-boxed-primitive/-/which-boxed-primitive-1.1.1.tgz. Extracting by manifest.
501 silly tarball no local data for which-builtin-type@https://registry.npmjs.org/which-builtin-type/-/which-builtin-type-1.2.1.tgz. Extracting by manifest.
502 silly tarball no local data for which@https://registry.npmjs.org/which/-/which-2.0.2.tgz. Extracting by manifest.
503 silly tarball no local data for which-typed-array@https://registry.npmjs.org/which-typed-array/-/which-typed-array-1.1.19.tgz. Extracting by manifest.
504 silly tarball no local data for yaml@https://registry.npmjs.org/yaml/-/yaml-2.8.0.tgz. Extracting by manifest.
505 silly tarball no local data for webgl-sdf-generator@https://registry.npmjs.org/webgl-sdf-generator/-/webgl-sdf-generator-1.1.1.tgz. Extracting by manifest.
506 silly tarball no local data for util-deprecate@https://registry.npmjs.org/util-deprecate/-/util-deprecate-1.0.2.tgz. Extracting by manifest.
507 silly tarball no local data for use-sync-external-store@https://registry.npmjs.org/use-sync-external-store/-/use-sync-external-store-1.5.0.tgz. Extracting by manifest.
508 silly tarball no local data for update-browserslist-db@https://registry.npmjs.org/update-browserslist-db/-/update-browserslist-db-1.1.3.tgz. Extracting by manifest.
509 silly tarball no local data for uri-js@https://registry.npmjs.org/uri-js/-/uri-js-4.4.1.tgz. Extracting by manifest.
510 silly tarball no local data for webgl-constants@https://registry.npmjs.org/webgl-constants/-/webgl-constants-1.1.1.tgz. Extracting by manifest.
511 silly tarball no local data for unrs-resolver@https://registry.npmjs.org/unrs-resolver/-/unrs-resolver-1.7.12.tgz. Extracting by manifest.
512 silly tarball no local data for undici-types@https://registry.npmjs.org/undici-types/-/undici-types-6.21.0.tgz. Extracting by manifest.
513 silly tarball no local data for typescript@https://registry.npmjs.org/typescript/-/typescript-5.8.3.tgz. Extracting by manifest.
514 silly tarball no local data for typed-array-byte-offset@https://registry.npmjs.org/typed-array-byte-offset/-/typed-array-byte-offset-1.0.4.tgz. Extracting by manifest.
515 silly tarball no local data for utility-types@https://registry.npmjs.org/utility-types/-/utility-types-3.11.0.tgz. Extracting by manifest.
516 silly tarball no local data for typed-array-byte-length@https://registry.npmjs.org/typed-array-byte-length/-/typed-array-byte-length-1.0.3.tgz. Extracting by manifest.
517 silly tarball no local data for unbox-primitive@https://registry.npmjs.org/unbox-primitive/-/unbox-primitive-1.1.0.tgz. Extracting by manifest.
518 silly tarball no local data for typed-array-length@https://registry.npmjs.org/typed-array-length/-/typed-array-length-1.0.7.tgz. Extracting by manifest.
519 silly tarball no local data for typed-array-buffer@https://registry.npmjs.org/typed-array-buffer/-/typed-array-buffer-1.0.3.tgz. Extracting by manifest.
520 silly tarball no local data for type-fest@https://registry.npmjs.org/type-fest/-/type-fest-0.20.2.tgz. Extracting by manifest.
521 silly tarball no local data for tunnel-rat@https://registry.npmjs.org/tunnel-rat/-/tunnel-rat-0.1.2.tgz. Extracting by manifest.
522 silly tarball no local data for tslib@https://registry.npmjs.org/tslib/-/tslib-2.8.1.tgz. Extracting by manifest.
523 silly tarball no local data for type-check@https://registry.npmjs.org/type-check/-/type-check-0.4.0.tgz. Extracting by manifest.
524 silly tarball no local data for ts-interface-checker@https://registry.npmjs.org/ts-interface-checker/-/ts-interface-checker-0.1.13.tgz. Extracting by manifest.
525 silly tarball no local data for ts-api-utils@https://registry.npmjs.org/ts-api-utils/-/ts-api-utils-2.1.0.tgz. Extracting by manifest.
526 silly tarball no local data for tsconfig-paths@https://registry.npmjs.org/tsconfig-paths/-/tsconfig-paths-3.15.0.tgz. Extracting by manifest.
527 silly tarball no local data for troika-three-utils@https://registry.npmjs.org/troika-three-utils/-/troika-three-utils-0.52.4.tgz. Extracting by manifest.
528 silly tarball no local data for troika-three-text@https://registry.npmjs.org/troika-three-text/-/troika-three-text-0.52.4.tgz. Extracting by manifest.
529 silly tarball no local data for to-regex-range@https://registry.npmjs.org/to-regex-range/-/to-regex-range-5.0.1.tgz. Extracting by manifest.
530 silly tarball no local data for tinyglobby@https://registry.npmjs.org/tinyglobby/-/tinyglobby-0.2.14.tgz. Extracting by manifest.
531 silly tarball no local data for troika-worker-utils@https://registry.npmjs.org/troika-worker-utils/-/troika-worker-utils-0.52.0.tgz. Extracting by manifest.
532 silly tarball no local data for three-stdlib@https://registry.npmjs.org/three-stdlib/-/three-stdlib-2.36.0.tgz. Extracting by manifest.
533 silly tarball no local data for three@https://registry.npmjs.org/three/-/three-0.177.0.tgz. Extracting by manifest.
534 silly tarball no local data for thenify-all@https://registry.npmjs.org/thenify-all/-/thenify-all-1.6.0.tgz. Extracting by manifest.
535 silly tarball no local data for thenify@https://registry.npmjs.org/thenify/-/thenify-3.3.1.tgz. Extracting by manifest.
536 silly tarball no local data for three-mesh-bvh@https://registry.npmjs.org/three-mesh-bvh/-/three-mesh-bvh-0.8.3.tgz. Extracting by manifest.
537 silly tarball no local data for text-table@https://registry.npmjs.org/text-table/-/text-table-0.2.0.tgz. Extracting by manifest.
538 silly tarball no local data for tailwindcss@https://registry.npmjs.org/tailwindcss/-/tailwindcss-3.4.17.tgz. Extracting by manifest.
539 silly tarball no local data for supports-preserve-symlinks-flag@https://registry.npmjs.org/supports-preserve-symlinks-flag/-/supports-preserve-symlinks-flag-1.0.0.tgz. Extracting by manifest.
540 silly tarball no local data for supports-color@https://registry.npmjs.org/supports-color/-/supports-color-7.2.0.tgz. Extracting by manifest.
541 silly tarball no local data for sucrase@https://registry.npmjs.org/sucrase/-/sucrase-3.35.0.tgz. Extracting by manifest.
542 silly tarball no local data for styled-jsx@https://registry.npmjs.org/styled-jsx/-/styled-jsx-5.1.6.tgz. Extracting by manifest.
543 silly tarball no local data for strip-bom@https://registry.npmjs.org/strip-bom/-/strip-bom-3.0.0.tgz. Extracting by manifest.
544 silly tarball no local data for strip-json-comments@https://registry.npmjs.org/strip-json-comments/-/strip-json-comments-3.1.1.tgz. Extracting by manifest.
545 silly tarball no local data for strip-ansi-cjs@https://registry.npmjs.org/strip-ansi/-/strip-ansi-6.0.1.tgz. Extracting by manifest.
546 silly tarball no local data for strip-ansi@https://registry.npmjs.org/strip-ansi/-/strip-ansi-6.0.1.tgz. Extracting by manifest.
547 silly tarball no local data for string.prototype.trimstart@https://registry.npmjs.org/string.prototype.trimstart/-/string.prototype.trimstart-1.0.8.tgz. Extracting by manifest.
548 silly tarball no local data for suspend-react@https://registry.npmjs.org/suspend-react/-/suspend-react-0.1.3.tgz. Extracting by manifest.
549 silly tarball no local data for string.prototype.trimend@https://registry.npmjs.org/string.prototype.trimend/-/string.prototype.trimend-1.0.9.tgz. Extracting by manifest.
550 silly tarball no local data for string.prototype.repeat@https://registry.npmjs.org/string.prototype.repeat/-/string.prototype.repeat-1.0.0.tgz. Extracting by manifest.
551 silly tarball no local data for string.prototype.matchall@https://registry.npmjs.org/string.prototype.matchall/-/string.prototype.matchall-4.0.12.tgz. Extracting by manifest.
552 silly tarball no local data for string.prototype.includes@https://registry.npmjs.org/string.prototype.includes/-/string.prototype.includes-2.0.1.tgz. Extracting by manifest.
553 silly tarball no local data for string.prototype.trim@https://registry.npmjs.org/string.prototype.trim/-/string.prototype.trim-1.2.10.tgz. Extracting by manifest.
554 silly tarball no local data for string-width-cjs@https://registry.npmjs.org/string-width/-/string-width-4.2.3.tgz. Extracting by manifest.
555 silly tarball no local data for streamsearch@https://registry.npmjs.org/streamsearch/-/streamsearch-1.1.0.tgz. Extracting by manifest.
556 silly tarball no local data for stop-iteration-iterator@https://registry.npmjs.org/stop-iteration-iterator/-/stop-iteration-iterator-1.1.0.tgz. Extracting by manifest.
557 silly tarball no local data for string-width@https://registry.npmjs.org/string-width/-/string-width-5.1.2.tgz. Extracting by manifest.
558 silly tarball no local data for stats.js@https://registry.npmjs.org/stats.js/-/stats.js-0.17.0.tgz. Extracting by manifest.
559 silly tarball no local data for stable-hash@https://registry.npmjs.org/stable-hash/-/stable-hash-0.0.5.tgz. Extracting by manifest.
560 silly tarball no local data for stats-gl@https://registry.npmjs.org/stats-gl/-/stats-gl-2.4.2.tgz. Extracting by manifest.
561 silly tarball no local data for source-map-js@https://registry.npmjs.org/source-map-js/-/source-map-js-1.2.1.tgz. Extracting by manifest.
562 silly tarball no local data for signal-exit@https://registry.npmjs.org/signal-exit/-/signal-exit-4.1.0.tgz. Extracting by manifest.
563 silly tarball no local data for side-channel-weakmap@https://registry.npmjs.org/side-channel-weakmap/-/side-channel-weakmap-1.0.2.tgz. Extracting by manifest.
564 silly tarball no local data for simple-swizzle@https://registry.npmjs.org/simple-swizzle/-/simple-swizzle-0.2.2.tgz. Extracting by manifest.
565 silly tarball no local data for side-channel-list@https://registry.npmjs.org/side-channel-list/-/side-channel-list-1.0.0.tgz. Extracting by manifest.
566 silly tarball no local data for shebang-regex@https://registry.npmjs.org/shebang-regex/-/shebang-regex-3.0.0.tgz. Extracting by manifest.
567 silly tarball no local data for side-channel@https://registry.npmjs.org/side-channel/-/side-channel-1.1.0.tgz. Extracting by manifest.
568 silly tarball no local data for side-channel-map@https://registry.npmjs.org/side-channel-map/-/side-channel-map-1.0.1.tgz. Extracting by manifest.
569 silly tarball no local data for sharp@https://registry.npmjs.org/sharp/-/sharp-0.33.5.tgz. Extracting by manifest.
570 silly tarball no local data for set-proto@https://registry.npmjs.org/set-proto/-/set-proto-1.0.0.tgz. Extracting by manifest.
571 silly tarball no local data for shebang-command@https://registry.npmjs.org/shebang-command/-/shebang-command-2.0.0.tgz. Extracting by manifest.
572 silly tarball no local data for set-function-name@https://registry.npmjs.org/set-function-name/-/set-function-name-2.0.2.tgz. Extracting by manifest.
573 silly tarball no local data for semver@https://registry.npmjs.org/semver/-/semver-7.7.2.tgz. Extracting by manifest.
574 silly tarball no local data for set-function-length@https://registry.npmjs.org/set-function-length/-/set-function-length-1.2.2.tgz. Extracting by manifest.
575 silly tarball no local data for scheduler@https://registry.npmjs.org/scheduler/-/scheduler-0.26.0.tgz. Extracting by manifest.
576 silly tarball no local data for safe-array-concat@https://registry.npmjs.org/safe-array-concat/-/safe-array-concat-1.1.3.tgz. Extracting by manifest.
577 silly tarball no local data for run-parallel@https://registry.npmjs.org/run-parallel/-/run-parallel-1.2.0.tgz. Extracting by manifest.
578 silly tarball no local data for safe-push-apply@https://registry.npmjs.org/safe-push-apply/-/safe-push-apply-1.0.0.tgz. Extracting by manifest.
579 silly tarball no local data for safe-regex-test@https://registry.npmjs.org/safe-regex-test/-/safe-regex-test-1.1.0.tgz. Extracting by manifest.
580 silly tarball no local data for rimraf@https://registry.npmjs.org/rimraf/-/rimraf-3.0.2.tgz. Extracting by manifest.
581 silly tarball no local data for resolve-from@https://registry.npmjs.org/resolve-from/-/resolve-from-4.0.0.tgz. Extracting by manifest.
582 silly tarball no local data for resolve-pkg-maps@https://registry.npmjs.org/resolve-pkg-maps/-/resolve-pkg-maps-1.0.0.tgz. Extracting by manifest.
583 silly tarball no local data for resolve@https://registry.npmjs.org/resolve/-/resolve-1.22.10.tgz. Extracting by manifest.
584 silly tarball no local data for require-from-string@https://registry.npmjs.org/require-from-string/-/require-from-string-2.0.2.tgz. Extracting by manifest.
585 silly tarball no local data for reflect.getprototypeof@https://registry.npmjs.org/reflect.getprototypeof/-/reflect.getprototypeof-1.0.10.tgz. Extracting by manifest.
586 silly tarball no local data for reusify@https://registry.npmjs.org/reusify/-/reusify-1.1.0.tgz. Extracting by manifest.
587 silly tarball no local data for regexp.prototype.flags@https://registry.npmjs.org/regexp.prototype.flags/-/regexp.prototype.flags-1.5.4.tgz. Extracting by manifest.
588 silly tarball no local data for readdirp@https://registry.npmjs.org/readdirp/-/readdirp-3.6.0.tgz. Extracting by manifest.
589 silly tarball no local data for react-use-measure@https://registry.npmjs.org/react-use-measure/-/react-use-measure-2.1.7.tgz. Extracting by manifest.
590 silly tarball no local data for read-cache@https://registry.npmjs.org/read-cache/-/read-cache-1.0.0.tgz. Extracting by manifest.
591 silly tarball no local data for react-reconciler@https://registry.npmjs.org/react-reconciler/-/react-reconciler-0.31.0.tgz. Extracting by manifest.
592 silly tarball no local data for react-is@https://registry.npmjs.org/react-is/-/react-is-16.13.1.tgz. Extracting by manifest.
593 silly tarball no local data for react@https://registry.npmjs.org/react/-/react-19.1.0.tgz. Extracting by manifest.
594 silly tarball no local data for queue-microtask@https://registry.npmjs.org/queue-microtask/-/queue-microtask-1.2.3.tgz. Extracting by manifest.
595 silly tarball no local data for react-dom@https://registry.npmjs.org/react-dom/-/react-dom-19.1.0.tgz. Extracting by manifest.
596 silly tarball no local data for prop-types@https://registry.npmjs.org/prop-types/-/prop-types-15.8.1.tgz. Extracting by manifest.
597 silly tarball no local data for promise-worker-transferable@https://registry.npmjs.org/promise-worker-transferable/-/promise-worker-transferable-1.0.4.tgz. Extracting by manifest.
598 silly tarball no local data for punycode@https://registry.npmjs.org/punycode/-/punycode-2.3.1.tgz. Extracting by manifest.
599 silly tarball no local data for prelude-ls@https://registry.npmjs.org/prelude-ls/-/prelude-ls-1.2.1.tgz. Extracting by manifest.
600 silly tarball no local data for postcss-value-parser@https://registry.npmjs.org/postcss-value-parser/-/postcss-value-parser-4.2.0.tgz. Extracting by manifest.
601 silly tarball no local data for potpack@https://registry.npmjs.org/potpack/-/potpack-1.0.2.tgz. Extracting by manifest.
602 silly tarball no local data for possible-typed-array-names@https://registry.npmjs.org/possible-typed-array-names/-/possible-typed-array-names-1.1.0.tgz. Extracting by manifest.
603 silly tarball no local data for postcss-nested@https://registry.npmjs.org/postcss-nested/-/postcss-nested-6.2.0.tgz. Extracting by manifest.
604 silly tarball no local data for postcss-js@https://registry.npmjs.org/postcss-js/-/postcss-js-4.0.1.tgz. Extracting by manifest.
605 silly tarball no local data for postcss-selector-parser@https://registry.npmjs.org/postcss-selector-parser/-/postcss-selector-parser-6.1.2.tgz. Extracting by manifest.
606 silly tarball no local data for postcss-import@https://registry.npmjs.org/postcss-import/-/postcss-import-15.1.0.tgz. Extracting by manifest.
607 silly tarball no local data for postcss@https://registry.npmjs.org/postcss/-/postcss-8.5.4.tgz. Extracting by manifest.
608 silly tarball no local data for pify@https://registry.npmjs.org/pify/-/pify-2.3.0.tgz. Extracting by manifest.
609 silly tarball no local data for picocolors@https://registry.npmjs.org/picocolors/-/picocolors-1.1.1.tgz. Extracting by manifest.
610 silly tarball no local data for path-scurry@https://registry.npmjs.org/path-scurry/-/path-scurry-1.11.1.tgz. Extracting by manifest.
611 silly tarball no local data for path-parse@https://registry.npmjs.org/path-parse/-/path-parse-1.0.7.tgz. Extracting by manifest.
612 silly tarball no local data for path-is-absolute@https://registry.npmjs.org/path-is-absolute/-/path-is-absolute-1.0.1.tgz. Extracting by manifest.
613 silly tarball no local data for pirates@https://registry.npmjs.org/pirates/-/pirates-4.0.7.tgz. Extracting by manifest.
614 silly tarball no local data for path-key@https://registry.npmjs.org/path-key/-/path-key-3.1.1.tgz. Extracting by manifest.
615 silly tarball no local data for path-exists@https://registry.npmjs.org/path-exists/-/path-exists-4.0.0.tgz. Extracting by manifest.
616 silly tarball no local data for package-json-from-dist@https://registry.npmjs.org/package-json-from-dist/-/package-json-from-dist-1.0.1.tgz. Extracting by manifest.
617 silly tarball no local data for p-limit@https://registry.npmjs.org/p-limit/-/p-limit-3.1.0.tgz. Extracting by manifest.
618 silly tarball no local data for picomatch@https://registry.npmjs.org/picomatch/-/picomatch-2.3.1.tgz. Extracting by manifest.
619 silly tarball no local data for p-locate@https://registry.npmjs.org/p-locate/-/p-locate-5.0.0.tgz. Extracting by manifest.
620 silly tarball no local data for parent-module@https://registry.npmjs.org/parent-module/-/parent-module-1.0.1.tgz. Extracting by manifest.
621 silly tarball no local data for own-keys@https://registry.npmjs.org/own-keys/-/own-keys-1.0.1.tgz. Extracting by manifest.
622 silly tarball no local data for optionator@https://registry.npmjs.org/optionator/-/optionator-0.9.4.tgz. Extracting by manifest.
623 silly tarball no local data for once@https://registry.npmjs.org/once/-/once-1.4.0.tgz. Extracting by manifest.
624 silly tarball no local data for object.groupby@https://registry.npmjs.org/object.groupby/-/object.groupby-1.0.3.tgz. Extracting by manifest.
625 silly tarball no local data for object.values@https://registry.npmjs.org/object.values/-/object.values-1.2.1.tgz. Extracting by manifest.
626 silly tarball no local data for object.entries@https://registry.npmjs.org/object.entries/-/object.entries-1.1.9.tgz. Extracting by manifest.
627 silly tarball no local data for object.fromentries@https://registry.npmjs.org/object.fromentries/-/object.fromentries-2.0.8.tgz. Extracting by manifest.
628 silly tarball no local data for object-keys@https://registry.npmjs.org/object-keys/-/object-keys-1.1.1.tgz. Extracting by manifest.
629 silly tarball no local data for object.assign@https://registry.npmjs.org/object.assign/-/object.assign-4.1.7.tgz. Extracting by manifest.
630 silly tarball no local data for object-inspect@https://registry.npmjs.org/object-inspect/-/object-inspect-1.13.4.tgz. Extracting by manifest.
631 silly tarball no local data for object-assign@https://registry.npmjs.org/object-assign/-/object-assign-4.1.1.tgz. Extracting by manifest.
632 silly tarball no local data for normalize-path@https://registry.npmjs.org/normalize-path/-/normalize-path-3.0.0.tgz. Extracting by manifest.
633 silly tarball no local data for next@https://registry.npmjs.org/next/-/next-15.0.0.tgz. Extracting by manifest.
634 silly tarball no local data for normalize-range@https://registry.npmjs.org/normalize-range/-/normalize-range-0.1.2.tgz. Extracting by manifest.
635 silly tarball no local data for node-releases@https://registry.npmjs.org/node-releases/-/node-releases-2.0.19.tgz. Extracting by manifest.
636 silly tarball no local data for natural-compare@https://registry.npmjs.org/natural-compare/-/natural-compare-1.4.0.tgz. Extracting by manifest.
637 silly tarball no local data for mz@https://registry.npmjs.org/mz/-/mz-2.7.0.tgz. Extracting by manifest.
638 silly tarball no local data for nanoid@https://registry.npmjs.org/nanoid/-/nanoid-3.3.11.tgz. Extracting by manifest.
639 silly tarball no local data for napi-postinstall@https://registry.npmjs.org/napi-postinstall/-/napi-postinstall-0.2.4.tgz. Extracting by manifest.
640 silly tarball no local data for ms@https://registry.npmjs.org/ms/-/ms-2.1.3.tgz. Extracting by manifest.
641 silly tarball no local data for minimist@https://registry.npmjs.org/minimist/-/minimist-1.2.8.tgz. Extracting by manifest.
642 silly tarball no local data for minipass@https://registry.npmjs.org/minipass/-/minipass-7.1.2.tgz. Extracting by manifest.
643 silly tarball no local data for micromatch@https://registry.npmjs.org/micromatch/-/micromatch-4.0.8.tgz. Extracting by manifest.
644 silly tarball no local data for object-hash@https://registry.npmjs.org/object-hash/-/object-hash-3.0.0.tgz. Extracting by manifest.
645 silly tarball no local data for minimatch@https://registry.npmjs.org/minimatch/-/minimatch-3.1.2.tgz. Extracting by manifest.
646 silly tarball no local data for meshoptimizer@https://registry.npmjs.org/meshoptimizer/-/meshoptimizer-0.18.1.tgz. Extracting by manifest.
647 silly tarball no local data for meshline@https://registry.npmjs.org/meshline/-/meshline-3.3.1.tgz. Extracting by manifest.
648 silly tarball no local data for maath@https://registry.npmjs.org/maath/-/maath-0.10.8.tgz. Extracting by manifest.
649 silly tarball no local data for merge2@https://registry.npmjs.org/merge2/-/merge2-1.4.1.tgz. Extracting by manifest.
650 silly tarball no local data for math-intrinsics@https://registry.npmjs.org/math-intrinsics/-/math-intrinsics-1.1.0.tgz. Extracting by manifest.
651 silly tarball no local data for lucide-react@https://registry.npmjs.org/lucide-react/-/lucide-react-0.292.0.tgz. Extracting by manifest.
652 silly tarball no local data for loose-envify@https://registry.npmjs.org/loose-envify/-/loose-envify-1.4.0.tgz. Extracting by manifest.
653 silly tarball no local data for lodash.merge@https://registry.npmjs.org/lodash.merge/-/lodash.merge-4.6.2.tgz. Extracting by manifest.
654 silly tarball no local data for locate-path@https://registry.npmjs.org/locate-path/-/locate-path-6.0.0.tgz. Extracting by manifest.
655 silly tarball no local data for lru-cache@https://registry.npmjs.org/lru-cache/-/lru-cache-10.4.3.tgz. Extracting by manifest.
656 silly tarball no local data for lilconfig@https://registry.npmjs.org/lilconfig/-/lilconfig-3.1.3.tgz. Extracting by manifest.
657 silly tarball no local data for lie@https://registry.npmjs.org/lie/-/lie-3.3.0.tgz. Extracting by manifest.
658 silly tarball no local data for lines-and-columns@https://registry.npmjs.org/lines-and-columns/-/lines-and-columns-1.2.4.tgz. Extracting by manifest.
659 silly tarball no local data for levn@https://registry.npmjs.org/levn/-/levn-0.4.1.tgz. Extracting by manifest.
660 silly tarball no local data for language-subtag-registry@https://registry.npmjs.org/language-subtag-registry/-/language-subtag-registry-0.3.23.tgz. Extracting by manifest.
661 silly tarball no local data for language-tags@https://registry.npmjs.org/language-tags/-/language-tags-1.0.9.tgz. Extracting by manifest.
662 silly tarball no local data for keyv@https://registry.npmjs.org/keyv/-/keyv-4.5.4.tgz. Extracting by manifest.
663 silly tarball no local data for jsx-ast-utils@https://registry.npmjs.org/jsx-ast-utils/-/jsx-ast-utils-3.3.5.tgz. Extracting by manifest.
664 silly tarball no local data for json5@https://registry.npmjs.org/json5/-/json5-1.0.2.tgz. Extracting by manifest.
665 silly tarball no local data for json-schema-traverse@https://registry.npmjs.org/json-schema-traverse/-/json-schema-traverse-0.4.1.tgz. Extracting by manifest.
666 silly tarball no local data for json-stable-stringify-without-jsonify@https://registry.npmjs.org/json-stable-stringify-without-jsonify/-/json-stable-stringify-without-jsonify-1.0.1.tgz. Extracting by manifest.
667 silly tarball no local data for json-buffer@https://registry.npmjs.org/json-buffer/-/json-buffer-3.0.1.tgz. Extracting by manifest.
668 silly tarball no local data for js-yaml@https://registry.npmjs.org/js-yaml/-/js-yaml-4.1.0.tgz. Extracting by manifest.
669 silly tarball no local data for jiti@https://registry.npmjs.org/jiti/-/jiti-1.21.7.tgz. Extracting by manifest.
670 silly tarball no local data for jackspeak@https://registry.npmjs.org/jackspeak/-/jackspeak-3.4.3.tgz. Extracting by manifest.
671 silly tarball no local data for its-fine@https://registry.npmjs.org/its-fine/-/its-fine-2.0.0.tgz. Extracting by manifest.
672 silly tarball no local data for js-tokens@https://registry.npmjs.org/js-tokens/-/js-tokens-4.0.0.tgz. Extracting by manifest.
673 silly tarball no local data for iterator.prototype@https://registry.npmjs.org/iterator.prototype/-/iterator.prototype-1.1.5.tgz. Extracting by manifest.
674 silly tarball no local data for isarray@https://registry.npmjs.org/isarray/-/isarray-2.0.5.tgz. Extracting by manifest.
675 silly tarball no local data for isexe@https://registry.npmjs.org/isexe/-/isexe-2.0.0.tgz. Extracting by manifest.
676 silly tarball no local data for is-weakset@https://registry.npmjs.org/is-weakset/-/is-weakset-2.0.4.tgz. Extracting by manifest.
677 silly tarball no local data for is-weakref@https://registry.npmjs.org/is-weakref/-/is-weakref-1.1.1.tgz. Extracting by manifest.
678 silly tarball no local data for is-weakmap@https://registry.npmjs.org/is-weakmap/-/is-weakmap-2.0.2.tgz. Extracting by manifest.
679 silly tarball no local data for is-symbol@https://registry.npmjs.org/is-symbol/-/is-symbol-1.1.1.tgz. Extracting by manifest.
680 silly tarball no local data for is-string@https://registry.npmjs.org/is-string/-/is-string-1.1.1.tgz. Extracting by manifest.
681 silly tarball no local data for is-shared-array-buffer@https://registry.npmjs.org/is-shared-array-buffer/-/is-shared-array-buffer-1.0.4.tgz. Extracting by manifest.
682 silly tarball no local data for is-set@https://registry.npmjs.org/is-set/-/is-set-2.0.3.tgz. Extracting by manifest.
683 silly tarball no local data for is-typed-array@https://registry.npmjs.org/is-typed-array/-/is-typed-array-1.1.15.tgz. Extracting by manifest.
684 silly tarball no local data for is-promise@https://registry.npmjs.org/is-promise/-/is-promise-2.2.2.tgz. Extracting by manifest.
685 silly tarball no local data for is-path-inside@https://registry.npmjs.org/is-path-inside/-/is-path-inside-3.0.3.tgz. Extracting by manifest.
686 silly tarball no local data for is-regex@https://registry.npmjs.org/is-regex/-/is-regex-1.2.1.tgz. Extracting by manifest.
687 silly tarball no local data for is-map@https://registry.npmjs.org/is-map/-/is-map-2.0.3.tgz. Extracting by manifest.
688 silly tarball no local data for is-number@https://registry.npmjs.org/is-number/-/is-number-7.0.0.tgz. Extracting by manifest.
689 silly tarball no local data for is-negative-zero@https://registry.npmjs.org/is-negative-zero/-/is-negative-zero-2.0.3.tgz. Extracting by manifest.
690 silly tarball no local data for is-generator-function@https://registry.npmjs.org/is-generator-function/-/is-generator-function-1.1.0.tgz. Extracting by manifest.
691 silly tarball no local data for is-fullwidth-code-point@https://registry.npmjs.org/is-fullwidth-code-point/-/is-fullwidth-code-point-3.0.0.tgz. Extracting by manifest.
692 silly tarball no local data for is-finalizationregistry@https://registry.npmjs.org/is-finalizationregistry/-/is-finalizationregistry-1.1.1.tgz. Extracting by manifest.
693 silly tarball no local data for is-extglob@https://registry.npmjs.org/is-extglob/-/is-extglob-2.1.1.tgz. Extracting by manifest.
694 silly tarball no local data for is-date-object@https://registry.npmjs.org/is-date-object/-/is-date-object-1.1.0.tgz. Extracting by manifest.
695 silly tarball no local data for is-data-view@https://registry.npmjs.org/is-data-view/-/is-data-view-1.0.2.tgz. Extracting by manifest.
696 silly tarball no local data for is-number-object@https://registry.npmjs.org/is-number-object/-/is-number-object-1.1.1.tgz. Extracting by manifest.
697 silly tarball no local data for is-core-module@https://registry.npmjs.org/is-core-module/-/is-core-module-2.16.1.tgz. Extracting by manifest.
698 silly tarball no local data for is-glob@https://registry.npmjs.org/is-glob/-/is-glob-4.0.3.tgz. Extracting by manifest.
699 silly tarball no local data for is-callable@https://registry.npmjs.org/is-callable/-/is-callable-1.2.7.tgz. Extracting by manifest.
700 silly tarball no local data for is-bun-module@https://registry.npmjs.org/is-bun-module/-/is-bun-module-2.0.0.tgz. Extracting by manifest.
701 silly tarball no local data for is-binary-path@https://registry.npmjs.org/is-binary-path/-/is-binary-path-2.1.0.tgz. Extracting by manifest.
702 silly tarball no local data for is-bigint@https://registry.npmjs.org/is-bigint/-/is-bigint-1.1.0.tgz. Extracting by manifest.
703 silly tarball no local data for is-async-function@https://registry.npmjs.org/is-async-function/-/is-async-function-2.1.1.tgz. Extracting by manifest.
704 silly tarball no local data for is-array-buffer@https://registry.npmjs.org/is-array-buffer/-/is-array-buffer-3.0.5.tgz. Extracting by manifest.
705 silly tarball no local data for internal-slot@https://registry.npmjs.org/internal-slot/-/internal-slot-1.1.0.tgz. Extracting by manifest.
706 silly tarball no local data for is-boolean-object@https://registry.npmjs.org/is-boolean-object/-/is-boolean-object-1.2.2.tgz. Extracting by manifest.
707 silly tarball no local data for inherits@https://registry.npmjs.org/inherits/-/inherits-2.0.4.tgz. Extracting by manifest.
708 silly tarball no local data for immediate@https://registry.npmjs.org/immediate/-/immediate-3.0.6.tgz. Extracting by manifest.
709 silly tarball no local data for imurmurhash@https://registry.npmjs.org/imurmurhash/-/imurmurhash-0.1.4.tgz. Extracting by manifest.
710 silly tarball no local data for inflight@https://registry.npmjs.org/inflight/-/inflight-1.0.6.tgz. Extracting by manifest.
711 silly tarball no local data for import-fresh@https://registry.npmjs.org/import-fresh/-/import-fresh-3.3.1.tgz. Extracting by manifest.
712 silly tarball no local data for ieee754@https://registry.npmjs.org/ieee754/-/ieee754-1.2.1.tgz. Extracting by manifest.
713 silly tarball no local data for hls.js@https://registry.npmjs.org/hls.js/-/hls.js-1.6.5.tgz. Extracting by manifest.
714 silly tarball no local data for has-tostringtag@https://registry.npmjs.org/has-tostringtag/-/has-tostringtag-1.0.2.tgz. Extracting by manifest.
715 silly tarball no local data for has-symbols@https://registry.npmjs.org/has-symbols/-/has-symbols-1.1.0.tgz. Extracting by manifest.
716 silly tarball no local data for hasown@https://registry.npmjs.org/hasown/-/hasown-2.0.2.tgz. Extracting by manifest.
717 silly tarball no local data for has-proto@https://registry.npmjs.org/has-proto/-/has-proto-1.2.0.tgz. Extracting by manifest.
718 silly tarball no local data for ignore@https://registry.npmjs.org/ignore/-/ignore-5.3.2.tgz. Extracting by manifest.
719 silly tarball no local data for has-property-descriptors@https://registry.npmjs.org/has-property-descriptors/-/has-property-descriptors-1.0.2.tgz. Extracting by manifest.
720 silly tarball no local data for has-flag@https://registry.npmjs.org/has-flag/-/has-flag-4.0.0.tgz. Extracting by manifest.
721 silly tarball no local data for has-bigints@https://registry.npmjs.org/has-bigints/-/has-bigints-1.1.0.tgz. Extracting by manifest.
722 silly tarball no local data for graphemer@https://registry.npmjs.org/graphemer/-/graphemer-1.4.0.tgz. Extracting by manifest.
723 silly tarball no local data for gopd@https://registry.npmjs.org/gopd/-/gopd-1.2.0.tgz. Extracting by manifest.
724 silly tarball no local data for globals@https://registry.npmjs.org/globals/-/globals-13.24.0.tgz. Extracting by manifest.
725 silly tarball no local data for globalthis@https://registry.npmjs.org/globalthis/-/globalthis-1.0.4.tgz. Extracting by manifest.
726 silly tarball no local data for glsl-noise@https://registry.npmjs.org/glsl-noise/-/glsl-noise-0.0.0.tgz. Extracting by manifest.
727 silly tarball no local data for glob@https://registry.npmjs.org/glob/-/glob-7.2.3.tgz. Extracting by manifest.
728 silly tarball no local data for glob-parent@https://registry.npmjs.org/glob-parent/-/glob-parent-6.0.2.tgz. Extracting by manifest.
729 silly tarball no local data for get-tsconfig@https://registry.npmjs.org/get-tsconfig/-/get-tsconfig-4.10.1.tgz. Extracting by manifest.
730 silly tarball no local data for get-symbol-description@https://registry.npmjs.org/get-symbol-description/-/get-symbol-description-1.1.0.tgz. Extracting by manifest.
731 silly tarball no local data for get-intrinsic@https://registry.npmjs.org/get-intrinsic/-/get-intrinsic-1.3.0.tgz. Extracting by manifest.
732 silly tarball no local data for functions-have-names@https://registry.npmjs.org/functions-have-names/-/functions-have-names-1.2.3.tgz. Extracting by manifest.
733 silly tarball no local data for function.prototype.name@https://registry.npmjs.org/function.prototype.name/-/function.prototype.name-1.1.8.tgz. Extracting by manifest.
734 silly tarball no local data for function-bind@https://registry.npmjs.org/function-bind/-/function-bind-1.1.2.tgz. Extracting by manifest.
735 silly tarball no local data for fsevents@https://registry.npmjs.org/fsevents/-/fsevents-2.3.3.tgz. Extracting by manifest.
736 silly tarball no local data for fs.realpath@https://registry.npmjs.org/fs.realpath/-/fs.realpath-1.0.0.tgz. Extracting by manifest.
737 silly tarball no local data for is-arrayish@https://registry.npmjs.org/is-arrayish/-/is-arrayish-0.3.2.tgz. Extracting by manifest.
738 silly tarball no local data for framer-motion@https://registry.npmjs.org/framer-motion/-/framer-motion-10.18.0.tgz. Extracting by manifest.
739 silly tarball no local data for fraction.js@https://registry.npmjs.org/fraction.js/-/fraction.js-4.3.7.tgz. Extracting by manifest.
740 silly tarball no local data for get-proto@https://registry.npmjs.org/get-proto/-/get-proto-1.0.1.tgz. Extracting by manifest.
741 silly tarball no local data for for-each@https://registry.npmjs.org/for-each/-/for-each-0.3.5.tgz. Extracting by manifest.
742 silly tarball no local data for foreground-child@https://registry.npmjs.org/foreground-child/-/foreground-child-3.3.1.tgz. Extracting by manifest.
743 silly tarball no local data for flatted@https://registry.npmjs.org/flatted/-/flatted-3.3.3.tgz. Extracting by manifest.
744 silly tarball no local data for flat-cache@https://registry.npmjs.org/flat-cache/-/flat-cache-3.2.0.tgz. Extracting by manifest.
745 silly tarball no local data for file-entry-cache@https://registry.npmjs.org/file-entry-cache/-/file-entry-cache-6.0.1.tgz. Extracting by manifest.
746 silly tarball no local data for fflate@https://registry.npmjs.org/fflate/-/fflate-0.8.2.tgz. Extracting by manifest.
747 silly tarball no local data for fastq@https://registry.npmjs.org/fastq/-/fastq-1.19.1.tgz. Extracting by manifest.
748 silly tarball no local data for fast-levenshtein@https://registry.npmjs.org/fast-levenshtein/-/fast-levenshtein-2.0.6.tgz. Extracting by manifest.
749 silly tarball no local data for fast-json-stable-stringify@https://registry.npmjs.org/fast-json-stable-stringify/-/fast-json-stable-stringify-2.1.0.tgz. Extracting by manifest.
750 silly tarball no local data for fill-range@https://registry.npmjs.org/fill-range/-/fill-range-7.1.1.tgz. Extracting by manifest.
751 silly tarball no local data for fast-glob@https://registry.npmjs.org/fast-glob/-/fast-glob-3.3.1.tgz. Extracting by manifest.
752 silly tarball no local data for esutils@https://registry.npmjs.org/esutils/-/esutils-2.0.3.tgz. Extracting by manifest.
753 silly tarball no local data for estraverse@https://registry.npmjs.org/estraverse/-/estraverse-5.3.0.tgz. Extracting by manifest.
754 silly tarball no local data for esrecurse@https://registry.npmjs.org/esrecurse/-/esrecurse-4.3.0.tgz. Extracting by manifest.
755 silly tarball no local data for esquery@https://registry.npmjs.org/esquery/-/esquery-1.6.0.tgz. Extracting by manifest.
756 silly tarball no local data for fast-deep-equal@https://registry.npmjs.org/fast-deep-equal/-/fast-deep-equal-3.1.3.tgz. Extracting by manifest.
757 silly tarball no local data for espree@https://registry.npmjs.org/espree/-/espree-9.6.1.tgz. Extracting by manifest.
758 silly tarball no local data for eslint-visitor-keys@https://registry.npmjs.org/eslint-visitor-keys/-/eslint-visitor-keys-3.4.3.tgz. Extracting by manifest.
759 silly tarball no local data for eslint-scope@https://registry.npmjs.org/eslint-scope/-/eslint-scope-7.2.2.tgz. Extracting by manifest.
760 silly tarball no local data for eslint-plugin-react-hooks@https://registry.npmjs.org/eslint-plugin-react-hooks/-/eslint-plugin-react-hooks-5.2.0.tgz. Extracting by manifest.
761 silly tarball no local data for eslint-plugin-jsx-a11y@https://registry.npmjs.org/eslint-plugin-jsx-a11y/-/eslint-plugin-jsx-a11y-6.10.2.tgz. Extracting by manifest.
762 silly tarball no local data for eslint-plugin-react@https://registry.npmjs.org/eslint-plugin-react/-/eslint-plugin-react-7.37.5.tgz. Extracting by manifest.
763 silly tarball no local data for eslint-plugin-import@https://registry.npmjs.org/eslint-plugin-import/-/eslint-plugin-import-2.31.0.tgz. Extracting by manifest.
764 silly tarball no local data for eslint-module-utils@https://registry.npmjs.org/eslint-module-utils/-/eslint-module-utils-2.12.0.tgz. Extracting by manifest.
765 silly tarball no local data for eslint-import-resolver-typescript@https://registry.npmjs.org/eslint-import-resolver-typescript/-/eslint-import-resolver-typescript-3.10.1.tgz. Extracting by manifest.
766 silly tarball no local data for eslint-import-resolver-node@https://registry.npmjs.org/eslint-import-resolver-node/-/eslint-import-resolver-node-0.3.9.tgz. Extracting by manifest.
767 silly tarball no local data for eslint-config-next@https://registry.npmjs.org/eslint-config-next/-/eslint-config-next-15.0.0.tgz. Extracting by manifest.
768 silly tarball no local data for eslint@https://registry.npmjs.org/eslint/-/eslint-8.57.1.tgz. Extracting by manifest.
769 silly tarball no local data for escape-string-regexp@https://registry.npmjs.org/escape-string-regexp/-/escape-string-regexp-4.0.0.tgz. Extracting by manifest.
770 silly tarball no local data for escalade@https://registry.npmjs.org/escalade/-/escalade-3.2.0.tgz. Extracting by manifest.
771 silly tarball no local data for es-to-primitive@https://registry.npmjs.org/es-to-primitive/-/es-to-primitive-1.3.0.tgz. Extracting by manifest.
772 silly tarball no local data for find-up@https://registry.npmjs.org/find-up/-/find-up-5.0.0.tgz. Extracting by manifest.
773 silly tarball no local data for es-shim-unscopables@https://registry.npmjs.org/es-shim-unscopables/-/es-shim-unscopables-1.1.0.tgz. Extracting by manifest.
774 silly tarball no local data for es-set-tostringtag@https://registry.npmjs.org/es-set-tostringtag/-/es-set-tostringtag-2.1.0.tgz. Extracting by manifest.
775 silly tarball no local data for es-object-atoms@https://registry.npmjs.org/es-object-atoms/-/es-object-atoms-1.1.1.tgz. Extracting by manifest.
776 silly tarball no local data for es-errors@https://registry.npmjs.org/es-errors/-/es-errors-1.3.0.tgz. Extracting by manifest.
777 silly tarball no local data for emoji-regex@https://registry.npmjs.org/emoji-regex/-/emoji-regex-9.2.2.tgz. Extracting by manifest.
778 silly tarball no local data for es-abstract@https://registry.npmjs.org/es-abstract/-/es-abstract-1.24.0.tgz. Extracting by manifest.
779 silly tarball no local data for electron-to-chromium@https://registry.npmjs.org/electron-to-chromium/-/electron-to-chromium-1.5.166.tgz. Extracting by manifest.
780 silly tarball no local data for eastasianwidth@https://registry.npmjs.org/eastasianwidth/-/eastasianwidth-0.2.0.tgz. Extracting by manifest.
781 silly tarball no local data for dunder-proto@https://registry.npmjs.org/dunder-proto/-/dunder-proto-1.0.1.tgz. Extracting by manifest.
782 silly tarball no local data for es-define-property@https://registry.npmjs.org/es-define-property/-/es-define-property-1.0.1.tgz. Extracting by manifest.
783 silly tarball no local data for draco3d@https://registry.npmjs.org/draco3d/-/draco3d-1.5.7.tgz. Extracting by manifest.
784 silly tarball no local data for es-iterator-helpers@https://registry.npmjs.org/es-iterator-helpers/-/es-iterator-helpers-1.2.1.tgz. Extracting by manifest.
785 silly tarball no local data for doctrine@https://registry.npmjs.org/doctrine/-/doctrine-3.0.0.tgz. Extracting by manifest.
786 silly tarball no local data for dlv@https://registry.npmjs.org/dlv/-/dlv-1.1.3.tgz. Extracting by manifest.
787 silly tarball no local data for detect-gpu@https://registry.npmjs.org/detect-gpu/-/detect-gpu-5.0.70.tgz. Extracting by manifest.
788 silly tarball no local data for detect-libc@https://registry.npmjs.org/detect-libc/-/detect-libc-2.0.4.tgz. Extracting by manifest.
789 silly tarball no local data for define-properties@https://registry.npmjs.org/define-properties/-/define-properties-1.2.1.tgz. Extracting by manifest.
790 silly tarball no local data for define-data-property@https://registry.npmjs.org/define-data-property/-/define-data-property-1.1.4.tgz. Extracting by manifest.
791 silly tarball no local data for deep-is@https://registry.npmjs.org/deep-is/-/deep-is-0.1.4.tgz. Extracting by manifest.
792 silly tarball no local data for didyoumean@https://registry.npmjs.org/didyoumean/-/didyoumean-1.2.2.tgz. Extracting by manifest.
793 silly tarball no local data for debug@https://registry.npmjs.org/debug/-/debug-4.4.1.tgz. Extracting by manifest.
794 silly tarball no local data for data-view-byte-length@https://registry.npmjs.org/data-view-byte-length/-/data-view-byte-length-1.0.2.tgz. Extracting by manifest.
795 silly tarball no local data for data-view-buffer@https://registry.npmjs.org/data-view-buffer/-/data-view-buffer-1.0.2.tgz. Extracting by manifest.
796 silly tarball no local data for damerau-levenshtein@https://registry.npmjs.org/damerau-levenshtein/-/damerau-levenshtein-1.0.8.tgz. Extracting by manifest.
797 silly tarball no local data for data-view-byte-offset@https://registry.npmjs.org/data-view-byte-offset/-/data-view-byte-offset-1.0.1.tgz. Extracting by manifest.
798 silly tarball no local data for csstype@https://registry.npmjs.org/csstype/-/csstype-3.1.3.tgz. Extracting by manifest.
799 silly tarball no local data for cssesc@https://registry.npmjs.org/cssesc/-/cssesc-3.0.0.tgz. Extracting by manifest.
800 silly tarball no local data for cross-spawn@https://registry.npmjs.org/cross-spawn/-/cross-spawn-7.0.6.tgz. Extracting by manifest.
801 silly tarball no local data for cross-env@https://registry.npmjs.org/cross-env/-/cross-env-7.0.3.tgz. Extracting by manifest.
802 silly tarball no local data for commander@https://registry.npmjs.org/commander/-/commander-4.1.1.tgz. Extracting by manifest.
803 silly tarball no local data for concat-map@https://registry.npmjs.org/concat-map/-/concat-map-0.0.1.tgz. Extracting by manifest.
804 silly tarball no local data for color-string@https://registry.npmjs.org/color-string/-/color-string-1.9.1.tgz. Extracting by manifest.
805 silly tarball no local data for color-convert@https://registry.npmjs.org/color-convert/-/color-convert-2.0.1.tgz. Extracting by manifest.
806 silly tarball no local data for color@https://registry.npmjs.org/color/-/color-4.2.3.tgz. Extracting by manifest.
807 silly tarball no local data for chalk@https://registry.npmjs.org/chalk/-/chalk-4.1.2.tgz. Extracting by manifest.
808 silly tarball no local data for color-name@https://registry.npmjs.org/color-name/-/color-name-1.1.4.tgz. Extracting by manifest.
809 silly tarball no local data for client-only@https://registry.npmjs.org/client-only/-/client-only-0.0.1.tgz. Extracting by manifest.
810 silly tarball no local data for caniuse-lite@https://registry.npmjs.org/caniuse-lite/-/caniuse-lite-1.0.30001721.tgz. Extracting by manifest.
811 silly tarball no local data for camelcase-css@https://registry.npmjs.org/camelcase-css/-/camelcase-css-2.0.1.tgz. Extracting by manifest.
812 silly tarball no local data for call-bind-apply-helpers@https://registry.npmjs.org/call-bind-apply-helpers/-/call-bind-apply-helpers-1.0.2.tgz. Extracting by manifest.
813 silly tarball no local data for callsites@https://registry.npmjs.org/callsites/-/callsites-3.1.0.tgz. Extracting by manifest.
814 silly tarball no local data for call-bind@https://registry.npmjs.org/call-bind/-/call-bind-1.0.8.tgz. Extracting by manifest.
815 silly tarball no local data for camera-controls@https://registry.npmjs.org/camera-controls/-/camera-controls-2.10.1.tgz. Extracting by manifest.
816 silly tarball no local data for busboy@https://registry.npmjs.org/busboy/-/busboy-1.6.0.tgz. Extracting by manifest.
817 silly tarball no local data for call-bound@https://registry.npmjs.org/call-bound/-/call-bound-1.0.4.tgz. Extracting by manifest.
818 silly tarball no local data for buffer@https://registry.npmjs.org/buffer/-/buffer-6.0.3.tgz. Extracting by manifest.
819 silly tarball no local data for browserslist@https://registry.npmjs.org/browserslist/-/browserslist-4.25.0.tgz. Extracting by manifest.
820 silly tarball no local data for braces@https://registry.npmjs.org/braces/-/braces-3.0.3.tgz. Extracting by manifest.
821 silly tarball no local data for binary-extensions@https://registry.npmjs.org/binary-extensions/-/binary-extensions-2.3.0.tgz. Extracting by manifest.
822 silly tarball no local data for bidi-js@https://registry.npmjs.org/bidi-js/-/bidi-js-1.0.3.tgz. Extracting by manifest.
823 silly tarball no local data for base64-js@https://registry.npmjs.org/base64-js/-/base64-js-1.5.1.tgz. Extracting by manifest.
824 silly tarball no local data for axobject-query@https://registry.npmjs.org/axobject-query/-/axobject-query-4.1.0.tgz. Extracting by manifest.
825 silly tarball no local data for axe-core@https://registry.npmjs.org/axe-core/-/axe-core-4.10.3.tgz. Extracting by manifest.
826 silly tarball no local data for brace-expansion@https://registry.npmjs.org/brace-expansion/-/brace-expansion-1.1.11.tgz. Extracting by manifest.
827 silly tarball no local data for available-typed-arrays@https://registry.npmjs.org/available-typed-arrays/-/available-typed-arrays-1.0.7.tgz. Extracting by manifest.
828 silly tarball no local data for balanced-match@https://registry.npmjs.org/balanced-match/-/balanced-match-1.0.2.tgz. Extracting by manifest.
829 silly tarball no local data for async-function@https://registry.npmjs.org/async-function/-/async-function-1.0.0.tgz. Extracting by manifest.
830 silly tarball no local data for ast-types-flow@https://registry.npmjs.org/ast-types-flow/-/ast-types-flow-0.0.8.tgz. Extracting by manifest.
831 silly tarball no local data for autoprefixer@https://registry.npmjs.org/autoprefixer/-/autoprefixer-10.4.21.tgz. Extracting by manifest.
832 silly tarball no local data for arraybuffer.prototype.slice@https://registry.npmjs.org/arraybuffer.prototype.slice/-/arraybuffer.prototype.slice-1.0.4.tgz. Extracting by manifest.
833 silly tarball no local data for array.prototype.tosorted@https://registry.npmjs.org/array.prototype.tosorted/-/array.prototype.tosorted-1.1.4.tgz. Extracting by manifest.
834 silly tarball no local data for chokidar@https://registry.npmjs.org/chokidar/-/chokidar-3.6.0.tgz. Extracting by manifest.
835 silly tarball no local data for array.prototype.findlastindex@https://registry.npmjs.org/array.prototype.findlastindex/-/array.prototype.findlastindex-1.2.6.tgz. Extracting by manifest.
836 silly tarball no local data for array-includes@https://registry.npmjs.org/array-includes/-/array-includes-3.1.9.tgz. Extracting by manifest.
837 silly tarball no local data for array-buffer-byte-length@https://registry.npmjs.org/array-buffer-byte-length/-/array-buffer-byte-length-1.0.2.tgz. Extracting by manifest.
838 silly tarball no local data for array.prototype.flatmap@https://registry.npmjs.org/array.prototype.flatmap/-/array.prototype.flatmap-1.3.3.tgz. Extracting by manifest.
839 silly tarball no local data for array.prototype.findlast@https://registry.npmjs.org/array.prototype.findlast/-/array.prototype.findlast-1.2.5.tgz. Extracting by manifest.
840 silly tarball no local data for argparse@https://registry.npmjs.org/argparse/-/argparse-2.0.1.tgz. Extracting by manifest.
841 silly tarball no local data for array.prototype.flat@https://registry.npmjs.org/array.prototype.flat/-/array.prototype.flat-1.3.3.tgz. Extracting by manifest.
842 silly tarball no local data for arg@https://registry.npmjs.org/arg/-/arg-5.0.2.tgz. Extracting by manifest.
843 silly tarball no local data for anymatch@https://registry.npmjs.org/anymatch/-/anymatch-3.1.3.tgz. Extracting by manifest.
844 silly tarball no local data for any-promise@https://registry.npmjs.org/any-promise/-/any-promise-1.3.0.tgz. Extracting by manifest.
845 silly tarball no local data for ansi-styles@https://registry.npmjs.org/ansi-styles/-/ansi-styles-4.3.0.tgz. Extracting by manifest.
846 silly tarball no local data for ansi-regex@https://registry.npmjs.org/ansi-regex/-/ansi-regex-5.0.1.tgz. Extracting by manifest.
847 silly tarball no local data for ajv@https://registry.npmjs.org/ajv/-/ajv-6.12.6.tgz. Extracting by manifest.
848 silly tarball no local data for acorn-jsx@https://registry.npmjs.org/acorn-jsx/-/acorn-jsx-5.3.2.tgz. Extracting by manifest.
849 silly tarball no local data for acorn@https://registry.npmjs.org/acorn/-/acorn-8.15.0.tgz. Extracting by manifest.
850 silly tarball no local data for @use-gesture/react@https://registry.npmjs.org/@use-gesture/react/-/react-10.3.1.tgz. Extracting by manifest.
851 silly tarball no local data for @typescript-eslint/visitor-keys@https://registry.npmjs.org/@typescript-eslint/visitor-keys/-/visitor-keys-8.34.0.tgz. Extracting by manifest.
852 silly tarball no local data for @ungap/structured-clone@https://registry.npmjs.org/@ungap/structured-clone/-/structured-clone-1.3.0.tgz. Extracting by manifest.
853 silly tarball no local data for @webgpu/types@https://registry.npmjs.org/@webgpu/types/-/types-0.1.61.tgz. Extracting by manifest.
854 silly tarball no local data for aria-query@https://registry.npmjs.org/aria-query/-/aria-query-5.3.2.tgz. Extracting by manifest.
855 silly tarball no local data for @typescript-eslint/utils@https://registry.npmjs.org/@typescript-eslint/utils/-/utils-8.34.0.tgz. Extracting by manifest.
856 silly tarball no local data for @use-gesture/core@https://registry.npmjs.org/@use-gesture/core/-/core-10.3.1.tgz. Extracting by manifest.
857 silly tarball no local data for @typescript-eslint/typescript-estree@https://registry.npmjs.org/@typescript-eslint/typescript-estree/-/typescript-estree-8.34.0.tgz. Extracting by manifest.
858 silly tarball no local data for @typescript-eslint/type-utils@https://registry.npmjs.org/@typescript-eslint/type-utils/-/type-utils-8.34.0.tgz. Extracting by manifest.
859 silly tarball no local data for @typescript-eslint/scope-manager@https://registry.npmjs.org/@typescript-eslint/scope-manager/-/scope-manager-8.34.0.tgz. Extracting by manifest.
860 silly tarball no local data for @typescript-eslint/tsconfig-utils@https://registry.npmjs.org/@typescript-eslint/tsconfig-utils/-/tsconfig-utils-8.34.0.tgz. Extracting by manifest.
861 silly tarball no local data for @typescript-eslint/parser@https://registry.npmjs.org/@typescript-eslint/parser/-/parser-8.34.0.tgz. Extracting by manifest.
862 silly tarball no local data for @typescript-eslint/eslint-plugin@https://registry.npmjs.org/@typescript-eslint/eslint-plugin/-/eslint-plugin-8.34.0.tgz. Extracting by manifest.
863 silly tarball no local data for @typescript-eslint/project-service@https://registry.npmjs.org/@typescript-eslint/project-service/-/project-service-8.34.0.tgz. Extracting by manifest.
864 silly tarball no local data for @types/webxr@https://registry.npmjs.org/@types/webxr/-/webxr-0.5.22.tgz. Extracting by manifest.
865 silly tarball no local data for @types/three@https://registry.npmjs.org/@types/three/-/three-0.177.0.tgz. Extracting by manifest.
866 silly tarball no local data for @types/react-reconciler@https://registry.npmjs.org/@types/react-reconciler/-/react-reconciler-0.28.9.tgz. Extracting by manifest.
867 silly tarball no local data for @types/react-dom@https://registry.npmjs.org/@types/react-dom/-/react-dom-18.3.7.tgz. Extracting by manifest.
868 silly tarball no local data for @types/react@https://registry.npmjs.org/@types/react/-/react-18.3.23.tgz. Extracting by manifest.
869 silly tarball no local data for @types/prop-types@https://registry.npmjs.org/@types/prop-types/-/prop-types-15.7.15.tgz. Extracting by manifest.
870 silly tarball no local data for @types/offscreencanvas@https://registry.npmjs.org/@types/offscreencanvas/-/offscreencanvas-2019.7.3.tgz. Extracting by manifest.
871 silly tarball no local data for @types/node@https://registry.npmjs.org/@types/node/-/node-20.19.0.tgz. Extracting by manifest.
872 silly tarball no local data for @types/json5@https://registry.npmjs.org/@types/json5/-/json5-0.0.29.tgz. Extracting by manifest.
873 silly tarball no local data for @types/draco3d@https://registry.npmjs.org/@types/draco3d/-/draco3d-1.4.10.tgz. Extracting by manifest.
874 silly tarball no local data for @tweenjs/tween.js@https://registry.npmjs.org/@tweenjs/tween.js/-/tween.js-23.1.3.tgz. Extracting by manifest.
875 silly tarball no local data for @swc/helpers@https://registry.npmjs.org/@swc/helpers/-/helpers-0.5.13.tgz. Extracting by manifest.
876 silly tarball no local data for @swc/counter@https://registry.npmjs.org/@swc/counter/-/counter-0.1.3.tgz. Extracting by manifest.
877 silly tarball no local data for @rushstack/eslint-patch@https://registry.npmjs.org/@rushstack/eslint-patch/-/eslint-patch-1.11.0.tgz. Extracting by manifest.
878 silly tarball no local data for @rtsao/scc@https://registry.npmjs.org/@rtsao/scc/-/scc-1.1.0.tgz. Extracting by manifest.
879 silly tarball no local data for @react-three/fiber@https://registry.npmjs.org/@react-three/fiber/-/fiber-9.1.2.tgz. Extracting by manifest.
880 silly tarball no local data for @react-three/drei@https://registry.npmjs.org/@react-three/drei/-/drei-10.1.2.tgz. Extracting by manifest.
881 silly tarball no local data for @pkgjs/parseargs@https://registry.npmjs.org/@pkgjs/parseargs/-/parseargs-0.11.0.tgz. Extracting by manifest.
882 silly tarball no local data for @nolyfill/is-core-module@https://registry.npmjs.org/@nolyfill/is-core-module/-/is-core-module-1.0.39.tgz. Extracting by manifest.
883 silly tarball no local data for @typescript-eslint/types@https://registry.npmjs.org/@typescript-eslint/types/-/types-8.34.0.tgz. Extracting by manifest.
884 silly tarball no local data for @nodelib/fs.walk@https://registry.npmjs.org/@nodelib/fs.walk/-/fs.walk-1.2.8.tgz. Extracting by manifest.
885 silly tarball no local data for @nodelib/fs.stat@https://registry.npmjs.org/@nodelib/fs.stat/-/fs.stat-2.0.5.tgz. Extracting by manifest.
886 silly tarball no local data for @nodelib/fs.scandir@https://registry.npmjs.org/@nodelib/fs.scandir/-/fs.scandir-2.1.5.tgz. Extracting by manifest.
887 silly tarball no local data for @types/stats.js@https://registry.npmjs.org/@types/stats.js/-/stats.js-0.17.4.tgz. Extracting by manifest.
888 silly tarball no local data for @next/swc-darwin-arm64@https://registry.npmjs.org/@next/swc-darwin-arm64/-/swc-darwin-arm64-15.0.0.tgz. Extracting by manifest.
889 silly tarball no local data for @next/env@https://registry.npmjs.org/@next/env/-/env-15.0.0.tgz. Extracting by manifest.
890 silly tarball no local data for @monogrid/gainmap-js@https://registry.npmjs.org/@monogrid/gainmap-js/-/gainmap-js-3.1.0.tgz. Extracting by manifest.
891 silly tarball no local data for @mediapipe/tasks-vision@https://registry.npmjs.org/@mediapipe/tasks-vision/-/tasks-vision-0.10.17.tgz. Extracting by manifest.
892 silly tarball no local data for @jridgewell/trace-mapping@https://registry.npmjs.org/@jridgewell/trace-mapping/-/trace-mapping-0.3.25.tgz. Extracting by manifest.
893 http fetch GET 200 https://registry.npmjs.org/npm 243ms
894 silly tarball no local data for @jridgewell/sourcemap-codec@https://registry.npmjs.org/@jridgewell/sourcemap-codec/-/sourcemap-codec-1.5.0.tgz. Extracting by manifest.
895 silly tarball no local data for @jridgewell/set-array@https://registry.npmjs.org/@jridgewell/set-array/-/set-array-1.2.1.tgz. Extracting by manifest.
896 silly tarball no local data for @next/eslint-plugin-next@https://registry.npmjs.org/@next/eslint-plugin-next/-/eslint-plugin-next-15.0.0.tgz. Extracting by manifest.
897 silly tarball no local data for @isaacs/cliui@https://registry.npmjs.org/@isaacs/cliui/-/cliui-8.0.2.tgz. Extracting by manifest.
898 silly tarball no local data for @jridgewell/resolve-uri@https://registry.npmjs.org/@jridgewell/resolve-uri/-/resolve-uri-3.1.2.tgz. Extracting by manifest.
899 silly tarball no local data for @humanwhocodes/object-schema@https://registry.npmjs.org/@humanwhocodes/object-schema/-/object-schema-2.0.3.tgz. Extracting by manifest.
900 silly tarball no local data for @humanwhocodes/module-importer@https://registry.npmjs.org/@humanwhocodes/module-importer/-/module-importer-1.0.1.tgz. Extracting by manifest.
901 silly tarball no local data for @humanwhocodes/config-array@https://registry.npmjs.org/@humanwhocodes/config-array/-/config-array-0.13.0.tgz. Extracting by manifest.
902 silly tarball no local data for @eslint/eslintrc@https://registry.npmjs.org/@eslint/eslintrc/-/eslintrc-2.1.4.tgz. Extracting by manifest.
903 silly tarball no local data for @eslint/js@https://registry.npmjs.org/@eslint/js/-/js-8.57.1.tgz. Extracting by manifest.
904 silly tarball no local data for @eslint-community/regexpp@https://registry.npmjs.org/@eslint-community/regexpp/-/regexpp-4.12.1.tgz. Extracting by manifest.
905 silly tarball no local data for @eslint-community/eslint-utils@https://registry.npmjs.org/@eslint-community/eslint-utils/-/eslint-utils-4.7.0.tgz. Extracting by manifest.
906 silly tarball no local data for @emotion/memoize@https://registry.npmjs.org/@emotion/memoize/-/memoize-0.7.4.tgz. Extracting by manifest.
907 silly tarball no local data for @emotion/is-prop-valid@https://registry.npmjs.org/@emotion/is-prop-valid/-/is-prop-valid-0.8.8.tgz. Extracting by manifest.
908 silly tarball no local data for @dimforge/rapier3d-compat@https://registry.npmjs.org/@dimforge/rapier3d-compat/-/rapier3d-compat-0.12.0.tgz. Extracting by manifest.
909 silly tarball no local data for @babel/runtime@https://registry.npmjs.org/@babel/runtime/-/runtime-7.27.6.tgz. Extracting by manifest.
910 silly tarball no local data for @jridgewell/gen-mapping@https://registry.npmjs.org/@jridgewell/gen-mapping/-/gen-mapping-0.3.8.tgz. Extracting by manifest.
911 silly tarball no local data for @alloc/quick-lru@https://registry.npmjs.org/@alloc/quick-lru/-/quick-lru-5.2.0.tgz. Extracting by manifest.
912 silly tarball no local data for strip-ansi@https://registry.npmjs.org/strip-ansi/-/strip-ansi-7.1.0.tgz. Extracting by manifest.
913 silly tarball no local data for emoji-regex@https://registry.npmjs.org/emoji-regex/-/emoji-regex-8.0.0.tgz. Extracting by manifest.
914 silly tarball no local data for ansi-styles@https://registry.npmjs.org/ansi-styles/-/ansi-styles-6.2.1.tgz. Extracting by manifest.
915 silly tarball no local data for ansi-regex@https://registry.npmjs.org/ansi-regex/-/ansi-regex-6.1.0.tgz. Extracting by manifest.
916 silly tarball no local data for string-width@https://registry.npmjs.org/string-width/-/string-width-4.2.3.tgz. Extracting by manifest.
917 silly tarball no local data for picomatch@https://registry.npmjs.org/picomatch/-/picomatch-4.0.2.tgz. Extracting by manifest.
918 silly tarball no local data for fdir@https://registry.npmjs.org/fdir/-/fdir-6.4.6.tgz. Extracting by manifest.
919 silly tarball no local data for fast-glob@https://registry.npmjs.org/fast-glob/-/fast-glob-3.3.3.tgz. Extracting by manifest.
920 silly tarball no local data for fflate@https://registry.npmjs.org/fflate/-/fflate-0.6.10.tgz. Extracting by manifest.
921 silly tarball no local data for postcss-load-config@https://registry.npmjs.org/postcss-load-config/-/postcss-load-config-4.0.2.tgz. Extracting by manifest.
922 silly tarball no local data for minimatch@https://registry.npmjs.org/minimatch/-/minimatch-9.0.5.tgz. Extracting by manifest.
923 silly tarball no local data for glob-parent@https://registry.npmjs.org/glob-parent/-/glob-parent-5.1.2.tgz. Extracting by manifest.
924 silly tarball no local data for zustand@https://registry.npmjs.org/zustand/-/zustand-4.5.7.tgz. Extracting by manifest.
925 silly tarball no local data for brace-expansion@https://registry.npmjs.org/brace-expansion/-/brace-expansion-2.0.1.tgz. Extracting by manifest.
926 silly tarball no local data for glob@https://registry.npmjs.org/glob/-/glob-10.4.5.tgz. Extracting by manifest.
927 silly tarball no local data for strip-ansi@https://registry.npmjs.org/strip-ansi/-/strip-ansi-7.1.0.tgz. Extracting by manifest.
928 silly tarball no local data for ansi-regex@https://registry.npmjs.org/ansi-regex/-/ansi-regex-6.1.0.tgz. Extracting by manifest.
929 silly tarball no local data for three@https://registry.npmjs.org/three/-/three-0.170.0.tgz. Extracting by manifest.
930 silly tarball no local data for postcss@https://registry.npmjs.org/postcss/-/postcss-8.4.31.tgz. Extracting by manifest.
931 silly tarball no local data for emoji-regex@https://registry.npmjs.org/emoji-regex/-/emoji-regex-8.0.0.tgz. Extracting by manifest.
932 silly tarball no local data for glob-parent@https://registry.npmjs.org/glob-parent/-/glob-parent-5.1.2.tgz. Extracting by manifest.
933 silly tarball no local data for scheduler@https://registry.npmjs.org/scheduler/-/scheduler-0.25.0.tgz. Extracting by manifest.
934 silly tarball no local data for semver@https://registry.npmjs.org/semver/-/semver-6.3.1.tgz. Extracting by manifest.
935 silly tarball no local data for doctrine@https://registry.npmjs.org/doctrine/-/doctrine-2.1.0.tgz. Extracting by manifest.
936 silly tarball no local data for resolve@https://registry.npmjs.org/resolve/-/resolve-2.0.0-next.5.tgz. Extracting by manifest.
937 silly tarball no local data for semver@https://registry.npmjs.org/semver/-/semver-6.3.1.tgz. Extracting by manifest.
938 silly tarball no local data for doctrine@https://registry.npmjs.org/doctrine/-/doctrine-2.1.0.tgz. Extracting by manifest.
939 silly tarball no local data for debug@https://registry.npmjs.org/debug/-/debug-3.2.7.tgz. Extracting by manifest.
940 silly tarball no local data for debug@https://registry.npmjs.org/debug/-/debug-3.2.7.tgz. Extracting by manifest.
941 silly tarball no local data for debug@https://registry.npmjs.org/debug/-/debug-3.2.7.tgz. Extracting by manifest.
942 silly tarball no local data for eslint-visitor-keys@https://registry.npmjs.org/eslint-visitor-keys/-/eslint-visitor-keys-4.2.1.tgz. Extracting by manifest.
943 silly tarball no local data for glob-parent@https://registry.npmjs.org/glob-parent/-/glob-parent-5.1.2.tgz. Extracting by manifest.
944 silly tarball no local data for ignore@https://registry.npmjs.org/ignore/-/ignore-7.0.5.tgz. Extracting by manifest.
945 silly tarball no local data for fast-glob@https://registry.npmjs.org/fast-glob/-/fast-glob-3.3.3.tgz. Extracting by manifest.
946 silly tarball no local data for scheduler@https://registry.npmjs.org/scheduler/-/scheduler-0.25.0.tgz. Extracting by manifest.
947 silly tarball no local data for brace-expansion@https://registry.npmjs.org/brace-expansion/-/brace-expansion-2.0.1.tgz. Extracting by manifest.
948 silly tarball no local data for minimatch@https://registry.npmjs.org/minimatch/-/minimatch-9.0.5.tgz. Extracting by manifest.
949 silly tarball no local data for ansi-regex@https://registry.npmjs.org/ansi-regex/-/ansi-regex-6.1.0.tgz. Extracting by manifest.
950 silly tarball no local data for strip-ansi@https://registry.npmjs.org/strip-ansi/-/strip-ansi-7.1.0.tgz. Extracting by manifest.
951 silly tarball no local data for glob-parent@https://registry.npmjs.org/glob-parent/-/glob-parent-5.1.2.tgz. Extracting by manifest.
952 http fetch GET 200 https://registry.npmjs.org/zustand/-/zustand-5.0.5.tgz 145ms (cache miss)
953 http fetch GET 200 https://registry.npmjs.org/update-browserslist-db/-/update-browserslist-db-1.1.3.tgz 173ms (cache miss)
954 http fetch GET 200 https://registry.npmjs.org/wrap-ansi/-/wrap-ansi-7.0.0.tgz 202ms (cache miss)
955 http fetch GET 200 https://registry.npmjs.org/wrappy/-/wrappy-1.0.2.tgz 203ms (cache miss)
956 http fetch GET 200 https://registry.npmjs.org/which/-/which-2.0.2.tgz 243ms (cache miss)
957 http fetch GET 200 https://registry.npmjs.org/wrap-ansi/-/wrap-ansi-8.1.0.tgz 244ms (cache miss)
958 http fetch GET 200 https://registry.npmjs.org/util-deprecate/-/util-deprecate-1.0.2.tgz 242ms (cache miss)
959 http fetch GET 200 https://registry.npmjs.org/yocto-queue/-/yocto-queue-0.1.0.tgz 245ms (cache miss)
960 http fetch GET 200 https://registry.npmjs.org/word-wrap/-/word-wrap-1.2.5.tgz 246ms (cache miss)
961 http fetch GET 200 https://registry.npmjs.org/uri-js/-/uri-js-4.4.1.tgz 246ms (cache miss)
962 http fetch GET 200 https://registry.npmjs.org/which-boxed-primitive/-/which-boxed-primitive-1.1.1.tgz 249ms (cache miss)
963 http fetch GET 200 https://registry.npmjs.org/which-builtin-type/-/which-builtin-type-1.2.1.tgz 249ms (cache miss)
964 http fetch GET 200 https://registry.npmjs.org/which-typed-array/-/which-typed-array-1.1.19.tgz 249ms (cache miss)
965 http fetch GET 200 https://registry.npmjs.org/unrs-resolver/-/unrs-resolver-1.7.12.tgz 249ms (cache miss)
966 http fetch GET 200 https://registry.npmjs.org/webgl-sdf-generator/-/webgl-sdf-generator-1.1.1.tgz 251ms (cache miss)
967 http fetch GET 200 https://registry.npmjs.org/which-collection/-/which-collection-1.0.2.tgz 255ms (cache miss)
968 http fetch GET 200 https://registry.npmjs.org/webgl-constants/-/webgl-constants-1.1.1.tgz 261ms (cache miss)
969 http fetch GET 200 https://registry.npmjs.org/undici-types/-/undici-types-6.21.0.tgz 271ms (cache miss)
970 http fetch GET 200 https://registry.npmjs.org/typed-array-byte-offset/-/typed-array-byte-offset-1.0.4.tgz 276ms (cache miss)
971 http fetch GET 200 https://registry.npmjs.org/typed-array-byte-length/-/typed-array-byte-length-1.0.3.tgz 281ms (cache miss)
972 http fetch GET 200 https://registry.npmjs.org/unbox-primitive/-/unbox-primitive-1.1.0.tgz 282ms (cache miss)
973 http fetch GET 200 https://registry.npmjs.org/typed-array-buffer/-/typed-array-buffer-1.0.3.tgz 282ms (cache miss)
974 http fetch GET 200 https://registry.npmjs.org/typed-array-length/-/typed-array-length-1.0.7.tgz 283ms (cache miss)
975 http fetch GET 200 https://registry.npmjs.org/utility-types/-/utility-types-3.11.0.tgz 288ms (cache miss)
976 http fetch GET 200 https://registry.npmjs.org/type-check/-/type-check-0.4.0.tgz 289ms (cache miss)
977 http fetch GET 200 https://registry.npmjs.org/tslib/-/tslib-2.8.1.tgz 290ms (cache miss)
978 http fetch GET 200 https://registry.npmjs.org/ts-interface-checker/-/ts-interface-checker-0.1.13.tgz 290ms (cache miss)
979 http fetch GET 200 https://registry.npmjs.org/tunnel-rat/-/tunnel-rat-0.1.2.tgz 291ms (cache miss)
980 http fetch GET 200 https://registry.npmjs.org/type-fest/-/type-fest-0.20.2.tgz 295ms (cache miss)
981 http fetch GET 200 https://registry.npmjs.org/yaml/-/yaml-2.8.0.tgz 311ms (cache miss)
982 http fetch GET 200 https://registry.npmjs.org/ts-api-utils/-/ts-api-utils-2.1.0.tgz 323ms (cache miss)
983 http fetch GET 200 https://registry.npmjs.org/tsconfig-paths/-/tsconfig-paths-3.15.0.tgz 336ms (cache miss)
984 http fetch GET 200 https://registry.npmjs.org/thenify/-/thenify-3.3.1.tgz 351ms (cache miss)
985 http fetch GET 200 https://registry.npmjs.org/thenify-all/-/thenify-all-1.6.0.tgz 351ms (cache miss)
986 http fetch GET 200 https://registry.npmjs.org/text-table/-/text-table-0.2.0.tgz 398ms (cache miss)
987 http fetch GET 200 https://registry.npmjs.org/supports-preserve-symlinks-flag/-/supports-preserve-symlinks-flag-1.0.0.tgz 439ms (cache miss)
988 http fetch GET 200 https://registry.npmjs.org/supports-color/-/supports-color-7.2.0.tgz 453ms (cache miss)
989 http fetch GET 200 https://registry.npmjs.org/sucrase/-/sucrase-3.35.0.tgz 484ms (cache miss)
990 http fetch GET 200 https://registry.npmjs.org/use-sync-external-store/-/use-sync-external-store-1.5.0.tgz 496ms (cache miss)
991 http fetch GET 200 https://registry.npmjs.org/styled-jsx/-/styled-jsx-5.1.6.tgz 541ms (cache miss)
992 http fetch GET 200 https://registry.npmjs.org/to-regex-range/-/to-regex-range-5.0.1.tgz 555ms (cache miss)
993 http fetch GET 200 https://registry.npmjs.org/tinyglobby/-/tinyglobby-0.2.14.tgz 555ms (cache miss)
994 http fetch GET 200 https://registry.npmjs.org/troika-worker-utils/-/troika-worker-utils-0.52.0.tgz 561ms (cache miss)
995 http fetch GET 200 https://registry.npmjs.org/troika-three-utils/-/troika-three-utils-0.52.4.tgz 575ms (cache miss)
996 http fetch GET 200 https://registry.npmjs.org/three-mesh-bvh/-/three-mesh-bvh-0.8.3.tgz 575ms (cache miss)
997 http fetch GET 200 https://registry.npmjs.org/strip-bom/-/strip-bom-3.0.0.tgz 612ms (cache miss)
998 http fetch GET 200 https://registry.npmjs.org/strip-json-comments/-/strip-json-comments-3.1.1.tgz 624ms (cache miss)
999 http fetch GET 200 https://registry.npmjs.org/strip-ansi/-/strip-ansi-6.0.1.tgz 631ms (cache miss)
1000 http fetch GET 200 https://registry.npmjs.org/strip-ansi/-/strip-ansi-6.0.1.tgz 676ms (cache miss)
1001 http fetch GET 200 https://registry.npmjs.org/troika-three-text/-/troika-three-text-0.52.4.tgz 694ms (cache miss)
1002 http fetch GET 200 https://registry.npmjs.org/suspend-react/-/suspend-react-0.1.3.tgz 697ms (cache miss)
1003 http fetch GET 200 https://registry.npmjs.org/string.prototype.trimstart/-/string.prototype.trimstart-1.0.8.tgz 708ms (cache miss)
1004 http fetch GET 200 https://registry.npmjs.org/string.prototype.repeat/-/string.prototype.repeat-1.0.0.tgz 709ms (cache miss)
1005 http fetch GET 200 https://registry.npmjs.org/string.prototype.trimend/-/string.prototype.trimend-1.0.9.tgz 710ms (cache miss)
1006 http fetch GET 200 https://registry.npmjs.org/string.prototype.includes/-/string.prototype.includes-2.0.1.tgz 742ms (cache miss)
1007 http fetch GET 200 https://registry.npmjs.org/string.prototype.matchall/-/string.prototype.matchall-4.0.12.tgz 750ms (cache miss)
1008 http fetch GET 200 https://registry.npmjs.org/string.prototype.trim/-/string.prototype.trim-1.2.10.tgz 759ms (cache miss)
1009 http fetch GET 200 https://registry.npmjs.org/string-width/-/string-width-4.2.3.tgz 762ms (cache miss)
1010 http fetch GET 200 https://registry.npmjs.org/tailwindcss/-/tailwindcss-3.4.17.tgz 780ms (cache miss)
1011 http fetch GET 200 https://registry.npmjs.org/streamsearch/-/streamsearch-1.1.0.tgz 784ms (cache miss)
1012 http fetch GET 200 https://registry.npmjs.org/stop-iteration-iterator/-/stop-iteration-iterator-1.1.0.tgz 818ms (cache miss)
1013 http fetch GET 200 https://registry.npmjs.org/string-width/-/string-width-5.1.2.tgz 818ms (cache miss)
1014 http fetch GET 200 https://registry.npmjs.org/stats.js/-/stats.js-0.17.0.tgz 830ms (cache miss)
1015 http fetch GET 200 https://registry.npmjs.org/source-map-js/-/source-map-js-1.2.1.tgz 843ms (cache miss)
1016 http fetch GET 200 https://registry.npmjs.org/stats-gl/-/stats-gl-2.4.2.tgz 850ms (cache miss)
1017 http fetch GET 200 https://registry.npmjs.org/stable-hash/-/stable-hash-0.0.5.tgz 861ms (cache miss)
1018 http fetch GET 200 https://registry.npmjs.org/signal-exit/-/signal-exit-4.1.0.tgz 871ms (cache miss)
1019 http fetch GET 200 https://registry.npmjs.org/side-channel-weakmap/-/side-channel-weakmap-1.0.2.tgz 875ms (cache miss)
1020 http fetch GET 200 https://registry.npmjs.org/side-channel-list/-/side-channel-list-1.0.0.tgz 891ms (cache miss)
1021 http fetch GET 200 https://registry.npmjs.org/shebang-regex/-/shebang-regex-3.0.0.tgz 912ms (cache miss)
1022 http fetch GET 200 https://registry.npmjs.org/side-channel/-/side-channel-1.1.0.tgz 915ms (cache miss)
1023 http fetch GET 200 https://registry.npmjs.org/side-channel-map/-/side-channel-map-1.0.1.tgz 944ms (cache miss)
1024 http fetch GET 200 https://registry.npmjs.org/simple-swizzle/-/simple-swizzle-0.2.2.tgz 959ms (cache miss)
1025 http fetch GET 200 https://registry.npmjs.org/sharp/-/sharp-0.33.5.tgz 959ms (cache miss)
1026 http fetch GET 200 https://registry.npmjs.org/set-proto/-/set-proto-1.0.0.tgz 972ms (cache miss)
1027 http fetch GET 200 https://registry.npmjs.org/shebang-command/-/shebang-command-2.0.0.tgz 974ms (cache miss)
1028 http fetch GET 200 https://registry.npmjs.org/set-function-name/-/set-function-name-2.0.2.tgz 977ms (cache miss)
1029 http fetch GET 200 https://registry.npmjs.org/set-function-length/-/set-function-length-1.2.2.tgz 998ms (cache miss)
1030 http fetch GET 200 https://registry.npmjs.org/semver/-/semver-7.7.2.tgz 1008ms (cache miss)
1031 http fetch GET 200 https://registry.npmjs.org/scheduler/-/scheduler-0.26.0.tgz 1010ms (cache miss)
1032 http fetch GET 200 https://registry.npmjs.org/safe-array-concat/-/safe-array-concat-1.1.3.tgz 1030ms (cache miss)
1033 http fetch GET 200 https://registry.npmjs.org/run-parallel/-/run-parallel-1.2.0.tgz 1043ms (cache miss)
1034 http fetch GET 200 https://registry.npmjs.org/safe-push-apply/-/safe-push-apply-1.0.0.tgz 1048ms (cache miss)
1035 http fetch GET 200 https://registry.npmjs.org/safe-regex-test/-/safe-regex-test-1.1.0.tgz 1075ms (cache miss)
1036 http fetch GET 200 https://registry.npmjs.org/resolve-from/-/resolve-from-4.0.0.tgz 1081ms (cache miss)
1037 http fetch GET 200 https://registry.npmjs.org/rimraf/-/rimraf-3.0.2.tgz 1081ms (cache miss)
1038 warn deprecated rimraf@3.0.2: Rimraf versions prior to v4 are no longer supported
1039 http fetch GET 200 https://registry.npmjs.org/resolve-pkg-maps/-/resolve-pkg-maps-1.0.0.tgz 1089ms (cache miss)
1040 http fetch GET 200 https://registry.npmjs.org/require-from-string/-/require-from-string-2.0.2.tgz 1104ms (cache miss)
1041 http fetch GET 200 https://registry.npmjs.org/reflect.getprototypeof/-/reflect.getprototypeof-1.0.10.tgz 1134ms (cache miss)
1042 http fetch GET 200 https://registry.npmjs.org/reusify/-/reusify-1.1.0.tgz 1138ms (cache miss)
1043 http fetch GET 200 https://registry.npmjs.org/readdirp/-/readdirp-3.6.0.tgz 1157ms (cache miss)
1044 http fetch GET 200 https://registry.npmjs.org/regexp.prototype.flags/-/regexp.prototype.flags-1.5.4.tgz 1157ms (cache miss)
1045 http fetch GET 200 https://registry.npmjs.org/react-use-measure/-/react-use-measure-2.1.7.tgz 1165ms (cache miss)
1046 http fetch GET 200 https://registry.npmjs.org/resolve/-/resolve-1.22.10.tgz 1166ms (cache miss)
1047 http fetch GET 200 https://registry.npmjs.org/read-cache/-/read-cache-1.0.0.tgz 1184ms (cache miss)
1048 http fetch GET 200 https://registry.npmjs.org/react/-/react-19.1.0.tgz 1204ms (cache miss)
1049 http fetch GET 200 https://registry.npmjs.org/react-is/-/react-is-16.13.1.tgz 1220ms (cache miss)
1050 http fetch GET 200 https://registry.npmjs.org/queue-microtask/-/queue-microtask-1.2.3.tgz 1229ms (cache miss)
1051 http fetch GET 200 https://registry.npmjs.org/prop-types/-/prop-types-15.8.1.tgz 1269ms (cache miss)
1052 http fetch GET 200 https://registry.npmjs.org/typescript/-/typescript-5.8.3.tgz 1286ms (cache miss)
1053 http fetch GET 200 https://registry.npmjs.org/punycode/-/punycode-2.3.1.tgz 1285ms (cache miss)
1054 http fetch GET 200 https://registry.npmjs.org/promise-worker-transferable/-/promise-worker-transferable-1.0.4.tgz 1285ms (cache miss)
1055 http fetch GET 200 https://registry.npmjs.org/prelude-ls/-/prelude-ls-1.2.1.tgz 1287ms (cache miss)
1056 http fetch GET 200 https://registry.npmjs.org/potpack/-/potpack-1.0.2.tgz 1295ms (cache miss)
1057 http fetch GET 200 https://registry.npmjs.org/react-reconciler/-/react-reconciler-0.31.0.tgz 1311ms (cache miss)
1058 http fetch GET 200 https://registry.npmjs.org/postcss-value-parser/-/postcss-value-parser-4.2.0.tgz 1311ms (cache miss)
1059 http fetch GET 200 https://registry.npmjs.org/possible-typed-array-names/-/possible-typed-array-names-1.1.0.tgz 1310ms (cache miss)
1060 http fetch GET 200 https://registry.npmjs.org/postcss-nested/-/postcss-nested-6.2.0.tgz 1313ms (cache miss)
1061 http fetch GET 200 https://registry.npmjs.org/postcss-js/-/postcss-js-4.0.1.tgz 1314ms (cache miss)
1062 http fetch GET 200 https://registry.npmjs.org/postcss-selector-parser/-/postcss-selector-parser-6.1.2.tgz 1331ms (cache miss)
1063 http fetch GET 200 https://registry.npmjs.org/postcss-import/-/postcss-import-15.1.0.tgz 1347ms (cache miss)
1064 http fetch GET 200 https://registry.npmjs.org/picocolors/-/picocolors-1.1.1.tgz 1355ms (cache miss)
1065 http fetch GET 200 https://registry.npmjs.org/postcss/-/postcss-8.5.4.tgz 1360ms (cache miss)
1066 http fetch GET 200 https://registry.npmjs.org/path-scurry/-/path-scurry-1.11.1.tgz 1361ms (cache miss)
1067 http fetch GET 200 https://registry.npmjs.org/pify/-/pify-2.3.0.tgz 1388ms (cache miss)
1068 http fetch GET 200 https://registry.npmjs.org/pirates/-/pirates-4.0.7.tgz 1398ms (cache miss)
1069 http fetch GET 200 https://registry.npmjs.org/path-is-absolute/-/path-is-absolute-1.0.1.tgz 1401ms (cache miss)
1070 http fetch GET 200 https://registry.npmjs.org/path-key/-/path-key-3.1.1.tgz 1399ms (cache miss)
1071 http fetch GET 200 https://registry.npmjs.org/path-exists/-/path-exists-4.0.0.tgz 1398ms (cache miss)
1072 http fetch GET 200 https://registry.npmjs.org/path-parse/-/path-parse-1.0.7.tgz 1402ms (cache miss)
1073 http fetch GET 200 https://registry.npmjs.org/package-json-from-dist/-/package-json-from-dist-1.0.1.tgz 1399ms (cache miss)
1074 http fetch GET 200 https://registry.npmjs.org/p-limit/-/p-limit-3.1.0.tgz 1402ms (cache miss)
1075 http fetch GET 200 https://registry.npmjs.org/picomatch/-/picomatch-2.3.1.tgz 1408ms (cache miss)
1076 http fetch GET 200 https://registry.npmjs.org/parent-module/-/parent-module-1.0.1.tgz 1429ms (cache miss)
1077 http fetch GET 200 https://registry.npmjs.org/p-locate/-/p-locate-5.0.0.tgz 1432ms (cache miss)
1078 http fetch GET 200 https://registry.npmjs.org/own-keys/-/own-keys-1.0.1.tgz 1448ms (cache miss)
1079 http fetch GET 200 https://registry.npmjs.org/optionator/-/optionator-0.9.4.tgz 1468ms (cache miss)
1080 http fetch GET 200 https://registry.npmjs.org/object.fromentries/-/object.fromentries-2.0.8.tgz 1485ms (cache miss)
1081 http fetch GET 200 https://registry.npmjs.org/object-keys/-/object-keys-1.1.1.tgz 1486ms (cache miss)
1082 http fetch GET 200 https://registry.npmjs.org/object.values/-/object.values-1.2.1.tgz 1491ms (cache miss)
1083 http fetch GET 200 https://registry.npmjs.org/once/-/once-1.4.0.tgz 1492ms (cache miss)
1084 http fetch GET 200 https://registry.npmjs.org/object.entries/-/object.entries-1.1.9.tgz 1498ms (cache miss)
1085 http fetch GET 200 https://registry.npmjs.org/object-inspect/-/object-inspect-1.13.4.tgz 1508ms (cache miss)
1086 http fetch GET 200 https://registry.npmjs.org/react-dom/-/react-dom-19.1.0.tgz 1516ms (cache miss)
1087 http fetch GET 200 https://registry.npmjs.org/object.assign/-/object.assign-4.1.7.tgz 1511ms (cache miss)
1088 http fetch GET 200 https://registry.npmjs.org/object.groupby/-/object.groupby-1.0.3.tgz 1518ms (cache miss)
1089 http fetch GET 200 https://registry.npmjs.org/normalize-path/-/normalize-path-3.0.0.tgz 1530ms (cache miss)
1090 http fetch GET 200 https://registry.npmjs.org/object-assign/-/object-assign-4.1.1.tgz 1538ms (cache miss)
1091 http fetch GET 200 https://registry.npmjs.org/normalize-range/-/normalize-range-0.1.2.tgz 1578ms (cache miss)
1092 http fetch GET 200 https://registry.npmjs.org/node-releases/-/node-releases-2.0.19.tgz 1589ms (cache miss)
1093 http fetch GET 200 https://registry.npmjs.org/mz/-/mz-2.7.0.tgz 1591ms (cache miss)
1094 http fetch GET 200 https://registry.npmjs.org/natural-compare/-/natural-compare-1.4.0.tgz 1592ms (cache miss)
1095 http fetch GET 200 https://registry.npmjs.org/nanoid/-/nanoid-3.3.11.tgz 1593ms (cache miss)
1096 http fetch GET 200 https://registry.npmjs.org/napi-postinstall/-/napi-postinstall-0.2.4.tgz 1599ms (cache miss)
1097 http fetch GET 200 https://registry.npmjs.org/ms/-/ms-2.1.3.tgz 1600ms (cache miss)
1098 http fetch GET 200 https://registry.npmjs.org/minipass/-/minipass-7.1.2.tgz 1612ms (cache miss)
1099 http fetch GET 200 https://registry.npmjs.org/minimist/-/minimist-1.2.8.tgz 1635ms (cache miss)
1100 http fetch GET 200 https://registry.npmjs.org/object-hash/-/object-hash-3.0.0.tgz 1642ms (cache miss)
1101 http fetch GET 200 https://registry.npmjs.org/micromatch/-/micromatch-4.0.8.tgz 1642ms (cache miss)
1102 http fetch GET 200 https://registry.npmjs.org/minimatch/-/minimatch-3.1.2.tgz 1657ms (cache miss)
1103 http fetch GET 200 https://registry.npmjs.org/meshoptimizer/-/meshoptimizer-0.18.1.tgz 1681ms (cache miss)
1104 http fetch GET 200 https://registry.npmjs.org/meshline/-/meshline-3.3.1.tgz 1687ms (cache miss)
1105 http fetch GET 200 https://registry.npmjs.org/merge2/-/merge2-1.4.1.tgz 1691ms (cache miss)
1106 http fetch GET 200 https://registry.npmjs.org/math-intrinsics/-/math-intrinsics-1.1.0.tgz 1702ms (cache miss)
1107 http fetch GET 200 https://registry.npmjs.org/loose-envify/-/loose-envify-1.4.0.tgz 1701ms (cache miss)
1108 http fetch GET 200 https://registry.npmjs.org/maath/-/maath-0.10.8.tgz 1711ms (cache miss)
1109 http fetch GET 200 https://registry.npmjs.org/lodash.merge/-/lodash.merge-4.6.2.tgz 1750ms (cache miss)
1110 http fetch GET 200 https://registry.npmjs.org/locate-path/-/locate-path-6.0.0.tgz 1769ms (cache miss)
1111 http fetch GET 200 https://registry.npmjs.org/lilconfig/-/lilconfig-3.1.3.tgz 1779ms (cache miss)
1112 http fetch GET 200 https://registry.npmjs.org/lie/-/lie-3.3.0.tgz 1795ms (cache miss)
1113 http fetch GET 200 https://registry.npmjs.org/lru-cache/-/lru-cache-10.4.3.tgz 1797ms (cache miss)
1114 http fetch GET 200 https://registry.npmjs.org/levn/-/levn-0.4.1.tgz 1832ms (cache miss)
1115 http fetch GET 200 https://registry.npmjs.org/lines-and-columns/-/lines-and-columns-1.2.4.tgz 1838ms (cache miss)
1116 http fetch GET 200 https://registry.npmjs.org/keyv/-/keyv-4.5.4.tgz 1850ms (cache miss)
1117 http fetch GET 200 https://registry.npmjs.org/language-tags/-/language-tags-1.0.9.tgz 1851ms (cache miss)
1118 http fetch GET 200 https://registry.npmjs.org/jsx-ast-utils/-/jsx-ast-utils-3.3.5.tgz 1868ms (cache miss)
1119 http fetch GET 200 https://registry.npmjs.org/language-subtag-registry/-/language-subtag-registry-0.3.23.tgz 1882ms (cache miss)
1120 http fetch GET 200 https://registry.npmjs.org/json-schema-traverse/-/json-schema-traverse-0.4.1.tgz 1914ms (cache miss)
1121 http fetch GET 200 https://registry.npmjs.org/json-stable-stringify-without-jsonify/-/json-stable-stringify-without-jsonify-1.0.1.tgz 1916ms (cache miss)
1122 http fetch GET 200 https://registry.npmjs.org/json-buffer/-/json-buffer-3.0.1.tgz 1928ms (cache miss)
1123 http fetch GET 200 https://registry.npmjs.org/js-yaml/-/js-yaml-4.1.0.tgz 1952ms (cache miss)
1124 http fetch GET 200 https://registry.npmjs.org/its-fine/-/its-fine-2.0.0.tgz 2012ms (cache miss)
1125 http fetch GET 200 https://registry.npmjs.org/js-tokens/-/js-tokens-4.0.0.tgz 2012ms (cache miss)
1126 http fetch GET 200 https://registry.npmjs.org/jackspeak/-/jackspeak-3.4.3.tgz 2014ms (cache miss)
1127 http fetch GET 200 https://registry.npmjs.org/iterator.prototype/-/iterator.prototype-1.1.5.tgz 2015ms (cache miss)
1128 http fetch GET 200 https://registry.npmjs.org/isarray/-/isarray-2.0.5.tgz 2042ms (cache miss)
1129 http fetch GET 200 https://registry.npmjs.org/isexe/-/isexe-2.0.0.tgz 2121ms (cache miss)
1130 http fetch GET 200 https://registry.npmjs.org/is-weakref/-/is-weakref-1.1.1.tgz 2120ms (cache miss)
1131 http fetch GET 200 https://registry.npmjs.org/is-weakmap/-/is-weakmap-2.0.2.tgz 2120ms (cache miss)
1132 http fetch GET 200 https://registry.npmjs.org/is-weakset/-/is-weakset-2.0.4.tgz 2122ms (cache miss)
1133 http fetch GET 200 https://registry.npmjs.org/is-set/-/is-set-2.0.3.tgz 2124ms (cache miss)
1134 http fetch GET 200 https://registry.npmjs.org/is-string/-/is-string-1.1.1.tgz 2124ms (cache miss)
1135 http fetch GET 200 https://registry.npmjs.org/is-symbol/-/is-symbol-1.1.1.tgz 2125ms (cache miss)
1136 http fetch GET 200 https://registry.npmjs.org/jiti/-/jiti-1.21.7.tgz 2129ms (cache miss)
1137 http fetch GET 200 https://registry.npmjs.org/is-shared-array-buffer/-/is-shared-array-buffer-1.0.4.tgz 2132ms (cache miss)
1138 http fetch GET 200 https://registry.npmjs.org/is-typed-array/-/is-typed-array-1.1.15.tgz 2136ms (cache miss)
1139 http fetch GET 200 https://registry.npmjs.org/is-map/-/is-map-2.0.3.tgz 2192ms (cache miss)
1140 http fetch GET 200 https://registry.npmjs.org/is-regex/-/is-regex-1.2.1.tgz 2192ms (cache miss)
1141 http fetch GET 200 https://registry.npmjs.org/is-promise/-/is-promise-2.2.2.tgz 2195ms (cache miss)
1142 http fetch GET 200 https://registry.npmjs.org/is-generator-function/-/is-generator-function-1.1.0.tgz 2200ms (cache miss)
1143 http fetch GET 200 https://registry.npmjs.org/is-path-inside/-/is-path-inside-3.0.3.tgz 2201ms (cache miss)
1144 http fetch GET 200 https://registry.npmjs.org/is-negative-zero/-/is-negative-zero-2.0.3.tgz 2208ms (cache miss)
1145 http fetch GET 200 https://registry.npmjs.org/is-number/-/is-number-7.0.0.tgz 2208ms (cache miss)
1146 http fetch GET 200 https://registry.npmjs.org/is-fullwidth-code-point/-/is-fullwidth-code-point-3.0.0.tgz 2224ms (cache miss)
1147 http fetch GET 200 https://registry.npmjs.org/is-extglob/-/is-extglob-2.1.1.tgz 2224ms (cache miss)
1148 http fetch GET 200 https://registry.npmjs.org/is-finalizationregistry/-/is-finalizationregistry-1.1.1.tgz 2231ms (cache miss)
1149 http fetch GET 200 https://registry.npmjs.org/is-data-view/-/is-data-view-1.0.2.tgz 2258ms (cache miss)
1150 http fetch GET 200 https://registry.npmjs.org/is-number-object/-/is-number-object-1.1.1.tgz 2263ms (cache miss)
1151 http fetch GET 200 https://registry.npmjs.org/is-date-object/-/is-date-object-1.1.0.tgz 2265ms (cache miss)
1152 http fetch GET 200 https://registry.npmjs.org/is-callable/-/is-callable-1.2.7.tgz 2269ms (cache miss)
1153 http fetch GET 200 https://registry.npmjs.org/is-core-module/-/is-core-module-2.16.1.tgz 2269ms (cache miss)
1154 http fetch GET 200 https://registry.npmjs.org/is-glob/-/is-glob-4.0.3.tgz 2270ms (cache miss)
1155 http fetch GET 200 https://registry.npmjs.org/json5/-/json5-1.0.2.tgz 2286ms (cache miss)
1156 http fetch GET 200 https://registry.npmjs.org/is-bigint/-/is-bigint-1.1.0.tgz 2288ms (cache miss)
1157 http fetch GET 200 https://registry.npmjs.org/lucide-react/-/lucide-react-0.292.0.tgz 2300ms (cache miss)
1158 http fetch GET 200 https://registry.npmjs.org/is-binary-path/-/is-binary-path-2.1.0.tgz 2296ms (cache miss)
1159 http fetch GET 200 https://registry.npmjs.org/is-bun-module/-/is-bun-module-2.0.0.tgz 2302ms (cache miss)
1160 http fetch GET 200 https://registry.npmjs.org/is-async-function/-/is-async-function-2.1.1.tgz 2312ms (cache miss)
1161 http fetch GET 200 https://registry.npmjs.org/internal-slot/-/internal-slot-1.1.0.tgz 2320ms (cache miss)
1162 http fetch GET 200 https://registry.npmjs.org/is-boolean-object/-/is-boolean-object-1.2.2.tgz 2328ms (cache miss)
1163 http fetch GET 200 https://registry.npmjs.org/inherits/-/inherits-2.0.4.tgz 2328ms (cache miss)
1164 http fetch GET 200 https://registry.npmjs.org/is-array-buffer/-/is-array-buffer-3.0.5.tgz 2329ms (cache miss)
1165 http fetch GET 200 https://registry.npmjs.org/imurmurhash/-/imurmurhash-0.1.4.tgz 2331ms (cache miss)
1166 http fetch GET 200 https://registry.npmjs.org/immediate/-/immediate-3.0.6.tgz 2333ms (cache miss)
1167 http fetch GET 200 https://registry.npmjs.org/import-fresh/-/import-fresh-3.3.1.tgz 2339ms (cache miss)
1168 http fetch GET 200 https://registry.npmjs.org/has-tostringtag/-/has-tostringtag-1.0.2.tgz 2362ms (cache miss)
1169 http fetch GET 200 https://registry.npmjs.org/ieee754/-/ieee754-1.2.1.tgz 2388ms (cache miss)
1170 http fetch GET 200 https://registry.npmjs.org/hasown/-/hasown-2.0.2.tgz 2393ms (cache miss)
1171 http fetch GET 200 https://registry.npmjs.org/has-proto/-/has-proto-1.2.0.tgz 2395ms (cache miss)
1172 http fetch GET 200 https://registry.npmjs.org/ignore/-/ignore-5.3.2.tgz 2423ms (cache miss)
1173 http fetch GET 200 https://registry.npmjs.org/has-flag/-/has-flag-4.0.0.tgz 2423ms (cache miss)
1174 http fetch GET 200 https://registry.npmjs.org/has-property-descriptors/-/has-property-descriptors-1.0.2.tgz 2424ms (cache miss)
1175 http fetch GET 200 https://registry.npmjs.org/has-symbols/-/has-symbols-1.1.0.tgz 2424ms (cache miss)
1176 http fetch GET 200 https://registry.npmjs.org/inflight/-/inflight-1.0.6.tgz 2425ms (cache miss)
1177 warn deprecated inflight@1.0.6: This module is not supported, and leaks memory. Do not use it. Check out lru-cache if you want a good and tested way to coalesce async requests by a key value, which is much more comprehensive and powerful.
1178 http fetch GET 200 https://registry.npmjs.org/has-bigints/-/has-bigints-1.1.0.tgz 2425ms (cache miss)
1179 http fetch GET 200 https://registry.npmjs.org/graphemer/-/graphemer-1.4.0.tgz 2428ms (cache miss)
1180 http fetch GET 200 https://registry.npmjs.org/gopd/-/gopd-1.2.0.tgz 2443ms (cache miss)
1181 http fetch GET 200 https://registry.npmjs.org/globalthis/-/globalthis-1.0.4.tgz 2471ms (cache miss)
1182 http fetch GET 200 https://registry.npmjs.org/glsl-noise/-/glsl-noise-0.0.0.tgz 2471ms (cache miss)
1183 http fetch GET 200 https://registry.npmjs.org/glob/-/glob-7.2.3.tgz 2498ms (cache miss)
1184 warn deprecated glob@7.2.3: Glob versions prior to v9 are no longer supported
1185 http fetch GET 200 https://registry.npmjs.org/globals/-/globals-13.24.0.tgz 2501ms (cache miss)
1186 http fetch GET 200 https://registry.npmjs.org/get-tsconfig/-/get-tsconfig-4.10.1.tgz 2506ms (cache miss)
1187 http fetch GET 200 https://registry.npmjs.org/glob-parent/-/glob-parent-6.0.2.tgz 2506ms (cache miss)
1188 http fetch GET 200 https://registry.npmjs.org/functions-have-names/-/functions-have-names-1.2.3.tgz 2509ms (cache miss)
1189 http fetch GET 200 https://registry.npmjs.org/get-symbol-description/-/get-symbol-description-1.1.0.tgz 2518ms (cache miss)
1190 http fetch GET 200 https://registry.npmjs.org/get-intrinsic/-/get-intrinsic-1.3.0.tgz 2519ms (cache miss)
1191 http fetch GET 200 https://registry.npmjs.org/function.prototype.name/-/function.prototype.name-1.1.8.tgz 2544ms (cache miss)
1192 http fetch GET 200 https://registry.npmjs.org/function-bind/-/function-bind-1.1.2.tgz 2555ms (cache miss)
1193 http fetch GET 200 https://registry.npmjs.org/fsevents/-/fsevents-2.3.3.tgz 2573ms (cache miss)
1194 http fetch GET 200 https://registry.npmjs.org/fs.realpath/-/fs.realpath-1.0.0.tgz 2580ms (cache miss)
1195 http fetch GET 200 https://registry.npmjs.org/is-arrayish/-/is-arrayish-0.3.2.tgz 2593ms (cache miss)
1196 http fetch GET 200 https://registry.npmjs.org/fraction.js/-/fraction.js-4.3.7.tgz 2598ms (cache miss)
1197 http fetch GET 200 https://registry.npmjs.org/get-proto/-/get-proto-1.0.1.tgz 2604ms (cache miss)
1198 http fetch GET 200 https://registry.npmjs.org/flatted/-/flatted-3.3.3.tgz 2626ms (cache miss)
1199 http fetch GET 200 https://registry.npmjs.org/foreground-child/-/foreground-child-3.3.1.tgz 2631ms (cache miss)
1200 http fetch GET 200 https://registry.npmjs.org/for-each/-/for-each-0.3.5.tgz 2835ms (cache miss)
1201 http fetch GET 200 https://registry.npmjs.org/flat-cache/-/flat-cache-3.2.0.tgz 2842ms (cache miss)
1202 http fetch GET 200 https://registry.npmjs.org/file-entry-cache/-/file-entry-cache-6.0.1.tgz 2842ms (cache miss)
1203 http fetch GET 200 https://registry.npmjs.org/fastq/-/fastq-1.19.1.tgz 2842ms (cache miss)
1204 http fetch GET 200 https://registry.npmjs.org/fast-levenshtein/-/fast-levenshtein-2.0.6.tgz 2842ms (cache miss)
1205 http fetch GET 200 https://registry.npmjs.org/fast-json-stable-stringify/-/fast-json-stable-stringify-2.1.0.tgz 2843ms (cache miss)
1206 http fetch GET 200 https://registry.npmjs.org/fill-range/-/fill-range-7.1.1.tgz 2842ms (cache miss)
1207 http fetch GET 200 https://registry.npmjs.org/estraverse/-/estraverse-5.3.0.tgz 2843ms (cache miss)
1208 http fetch GET 200 https://registry.npmjs.org/esutils/-/esutils-2.0.3.tgz 2844ms (cache miss)
1209 http fetch GET 200 https://registry.npmjs.org/fast-glob/-/fast-glob-3.3.1.tgz 2871ms (cache miss)
1210 http fetch GET 200 https://registry.npmjs.org/fflate/-/fflate-0.8.2.tgz 2872ms (cache miss)
1211 http fetch GET 200 https://registry.npmjs.org/eslint-visitor-keys/-/eslint-visitor-keys-3.4.3.tgz 2952ms (cache miss)
1212 http fetch GET 200 https://registry.npmjs.org/espree/-/espree-9.6.1.tgz 2954ms (cache miss)
1213 http fetch GET 200 https://registry.npmjs.org/eslint-plugin-react-hooks/-/eslint-plugin-react-hooks-5.2.0.tgz 2963ms (cache miss)
1214 http fetch GET 200 https://registry.npmjs.org/esquery/-/esquery-1.6.0.tgz 2981ms (cache miss)
1215 http fetch GET 200 https://registry.npmjs.org/fast-deep-equal/-/fast-deep-equal-3.1.3.tgz 2991ms (cache miss)
1216 http fetch GET 200 https://registry.npmjs.org/esrecurse/-/esrecurse-4.3.0.tgz 2994ms (cache miss)
1217 http fetch GET 200 https://registry.npmjs.org/eslint-scope/-/eslint-scope-7.2.2.tgz 2994ms (cache miss)
1218 http fetch GET 200 https://registry.npmjs.org/three-stdlib/-/three-stdlib-2.36.0.tgz 3027ms (cache miss)
1219 http fetch GET 200 https://registry.npmjs.org/eslint-module-utils/-/eslint-module-utils-2.12.0.tgz 3005ms (cache miss)
1220 http fetch GET 200 https://registry.npmjs.org/eslint-import-resolver-typescript/-/eslint-import-resolver-typescript-3.10.1.tgz 3041ms (cache miss)
1221 http fetch GET 200 https://registry.npmjs.org/framer-motion/-/framer-motion-10.18.0.tgz 3059ms (cache miss)
1222 http fetch GET 200 https://registry.npmjs.org/eslint-plugin-jsx-a11y/-/eslint-plugin-jsx-a11y-6.10.2.tgz 3069ms (cache miss)
1223 http fetch GET 200 https://registry.npmjs.org/eslint-import-resolver-node/-/eslint-import-resolver-node-0.3.9.tgz 3072ms (cache miss)
1224 http fetch GET 200 https://registry.npmjs.org/eslint-config-next/-/eslint-config-next-15.0.0.tgz 3076ms (cache miss)
1225 http fetch GET 200 https://registry.npmjs.org/eslint-plugin-react/-/eslint-plugin-react-7.37.5.tgz 3117ms (cache miss)
1226 http fetch GET 200 https://registry.npmjs.org/escape-string-regexp/-/escape-string-regexp-4.0.0.tgz 3123ms (cache miss)
1227 http fetch GET 200 https://registry.npmjs.org/escalade/-/escalade-3.2.0.tgz 3131ms (cache miss)
1228 http fetch GET 200 https://registry.npmjs.org/find-up/-/find-up-5.0.0.tgz 3139ms (cache miss)
1229 http fetch GET 200 https://registry.npmjs.org/es-to-primitive/-/es-to-primitive-1.3.0.tgz 3145ms (cache miss)
1230 http fetch GET 200 https://registry.npmjs.org/es-shim-unscopables/-/es-shim-unscopables-1.1.0.tgz 3145ms (cache miss)
1231 http fetch GET 200 https://registry.npmjs.org/es-set-tostringtag/-/es-set-tostringtag-2.1.0.tgz 3152ms (cache miss)
1232 http fetch GET 200 https://registry.npmjs.org/es-object-atoms/-/es-object-atoms-1.1.1.tgz 3190ms (cache miss)
1233 http fetch GET 200 https://registry.npmjs.org/eslint-plugin-import/-/eslint-plugin-import-2.31.0.tgz 3196ms (cache miss)
1234 http fetch GET 200 https://registry.npmjs.org/es-errors/-/es-errors-1.3.0.tgz 3206ms (cache miss)
1235 http fetch GET 200 https://registry.npmjs.org/emoji-regex/-/emoji-regex-9.2.2.tgz 3206ms (cache miss)
1236 http fetch GET 200 https://registry.npmjs.org/dunder-proto/-/dunder-proto-1.0.1.tgz 3339ms (cache miss)
1237 http fetch GET 200 https://registry.npmjs.org/es-define-property/-/es-define-property-1.0.1.tgz 3339ms (cache miss)
1238 http fetch GET 200 https://registry.npmjs.org/eastasianwidth/-/eastasianwidth-0.2.0.tgz 3340ms (cache miss)
1239 http fetch GET 200 https://registry.npmjs.org/dlv/-/dlv-1.1.3.tgz 3342ms (cache miss)
1240 http fetch GET 200 https://registry.npmjs.org/electron-to-chromium/-/electron-to-chromium-1.5.166.tgz 3346ms (cache miss)
1241 http fetch GET 200 https://registry.npmjs.org/doctrine/-/doctrine-3.0.0.tgz 3344ms (cache miss)
1242 http fetch GET 200 https://registry.npmjs.org/detect-libc/-/detect-libc-2.0.4.tgz 3349ms (cache miss)
1243 http fetch GET 200 https://registry.npmjs.org/draco3d/-/draco3d-1.5.7.tgz 3363ms (cache miss)
1244 http fetch GET 200 https://registry.npmjs.org/detect-gpu/-/detect-gpu-5.0.70.tgz 3367ms (cache miss)
1245 http fetch GET 200 https://registry.npmjs.org/deep-is/-/deep-is-0.1.4.tgz 3378ms (cache miss)
1246 http fetch GET 200 https://registry.npmjs.org/define-data-property/-/define-data-property-1.1.4.tgz 3379ms (cache miss)
1247 http fetch GET 200 https://registry.npmjs.org/define-properties/-/define-properties-1.2.1.tgz 3380ms (cache miss)
1248 http fetch GET 200 https://registry.npmjs.org/data-view-byte-length/-/data-view-byte-length-1.0.2.tgz 3381ms (cache miss)
1249 http fetch GET 200 https://registry.npmjs.org/didyoumean/-/didyoumean-1.2.2.tgz 3381ms (cache miss)
1250 http fetch GET 200 https://registry.npmjs.org/damerau-levenshtein/-/damerau-levenshtein-1.0.8.tgz 3387ms (cache miss)
1251 http fetch GET 200 https://registry.npmjs.org/data-view-byte-offset/-/data-view-byte-offset-1.0.1.tgz 3388ms (cache miss)
1252 http fetch GET 200 https://registry.npmjs.org/data-view-buffer/-/data-view-buffer-1.0.2.tgz 3392ms (cache miss)
1253 http fetch GET 200 https://registry.npmjs.org/debug/-/debug-4.4.1.tgz 3402ms (cache miss)
1254 http fetch GET 200 https://registry.npmjs.org/cssesc/-/cssesc-3.0.0.tgz 3401ms (cache miss)
1255 http fetch GET 200 https://registry.npmjs.org/eslint/-/eslint-8.57.1.tgz 3420ms (cache miss)
1256 warn deprecated eslint@8.57.1: This version is no longer supported. Please see https://eslint.org/version-support for other options.
1257 http fetch GET 200 https://registry.npmjs.org/csstype/-/csstype-3.1.3.tgz 3423ms (cache miss)
1258 http fetch GET 200 https://registry.npmjs.org/cross-spawn/-/cross-spawn-7.0.6.tgz 3431ms (cache miss)
1259 http fetch GET 200 https://registry.npmjs.org/color-string/-/color-string-1.9.1.tgz 3442ms (cache miss)
1260 http fetch GET 200 https://registry.npmjs.org/cross-env/-/cross-env-7.0.3.tgz 3442ms (cache miss)
1261 http fetch GET 200 https://registry.npmjs.org/commander/-/commander-4.1.1.tgz 3449ms (cache miss)
1262 http fetch GET 200 https://registry.npmjs.org/color-convert/-/color-convert-2.0.1.tgz 3454ms (cache miss)
1263 http fetch GET 200 https://registry.npmjs.org/color/-/color-4.2.3.tgz 3455ms (cache miss)
1264 http fetch GET 200 https://registry.npmjs.org/concat-map/-/concat-map-0.0.1.tgz 3457ms (cache miss)
1265 http fetch GET 200 https://registry.npmjs.org/client-only/-/client-only-0.0.1.tgz 3463ms (cache miss)
1266 http fetch GET 200 https://registry.npmjs.org/color-name/-/color-name-1.1.4.tgz 3474ms (cache miss)
1267 http fetch GET 200 https://registry.npmjs.org/chalk/-/chalk-4.1.2.tgz 3506ms (cache miss)
1268 http fetch GET 200 https://registry.npmjs.org/camelcase-css/-/camelcase-css-2.0.1.tgz 3506ms (cache miss)
1269 http fetch GET 200 https://registry.npmjs.org/callsites/-/callsites-3.1.0.tgz 3582ms (cache miss)
1270 http fetch GET 200 https://registry.npmjs.org/call-bind/-/call-bind-1.0.8.tgz 3583ms (cache miss)
1271 http fetch GET 200 https://registry.npmjs.org/call-bind-apply-helpers/-/call-bind-apply-helpers-1.0.2.tgz 3583ms (cache miss)
1272 http fetch GET 200 https://registry.npmjs.org/buffer/-/buffer-6.0.3.tgz 3583ms (cache miss)
1273 http fetch GET 200 https://registry.npmjs.org/call-bound/-/call-bound-1.0.4.tgz 3583ms (cache miss)
1274 http fetch GET 200 https://registry.npmjs.org/browserslist/-/browserslist-4.25.0.tgz 3585ms (cache miss)
1275 http fetch GET 200 https://registry.npmjs.org/camera-controls/-/camera-controls-2.10.1.tgz 3590ms (cache miss)
1276 http fetch GET 200 https://registry.npmjs.org/busboy/-/busboy-1.6.0.tgz 3590ms (cache miss)
1277 http fetch GET 200 https://registry.npmjs.org/braces/-/braces-3.0.3.tgz 3600ms (cache miss)
1278 http fetch GET 200 https://registry.npmjs.org/binary-extensions/-/binary-extensions-2.3.0.tgz 3602ms (cache miss)
1279 http fetch GET 200 https://registry.npmjs.org/base64-js/-/base64-js-1.5.1.tgz 3636ms (cache miss)
1280 http fetch GET 200 https://registry.npmjs.org/brace-expansion/-/brace-expansion-1.1.11.tgz 3638ms (cache miss)
1281 http fetch GET 200 https://registry.npmjs.org/bidi-js/-/bidi-js-1.0.3.tgz 3646ms (cache miss)
1282 http fetch GET 200 https://registry.npmjs.org/balanced-match/-/balanced-match-1.0.2.tgz 3650ms (cache miss)
1283 http fetch GET 200 https://registry.npmjs.org/async-function/-/async-function-1.0.0.tgz 3659ms (cache miss)
1284 http fetch GET 200 https://registry.npmjs.org/available-typed-arrays/-/available-typed-arrays-1.0.7.tgz 3664ms (cache miss)
1285 http fetch GET 200 https://registry.npmjs.org/es-iterator-helpers/-/es-iterator-helpers-1.2.1.tgz 3669ms (cache miss)
1286 http fetch GET 200 https://registry.npmjs.org/axobject-query/-/axobject-query-4.1.0.tgz 3679ms (cache miss)
1287 http fetch GET 200 https://registry.npmjs.org/ast-types-flow/-/ast-types-flow-0.0.8.tgz 3694ms (cache miss)
1288 http fetch GET 200 https://registry.npmjs.org/array.prototype.tosorted/-/array.prototype.tosorted-1.1.4.tgz 3707ms (cache miss)
1289 http fetch GET 200 https://registry.npmjs.org/autoprefixer/-/autoprefixer-10.4.21.tgz 3718ms (cache miss)
1290 http fetch GET 200 https://registry.npmjs.org/arraybuffer.prototype.slice/-/arraybuffer.prototype.slice-1.0.4.tgz 3721ms (cache miss)
1291 http fetch GET 200 https://registry.npmjs.org/chokidar/-/chokidar-3.6.0.tgz 3727ms (cache miss)
1292 http fetch GET 200 https://registry.npmjs.org/array.prototype.findlastindex/-/array.prototype.findlastindex-1.2.6.tgz 3732ms (cache miss)
1293 http fetch GET 200 https://registry.npmjs.org/axe-core/-/axe-core-4.10.3.tgz 3742ms (cache miss)
1294 http fetch GET 200 https://registry.npmjs.org/array-includes/-/array-includes-3.1.9.tgz 3748ms (cache miss)
1295 http fetch GET 200 https://registry.npmjs.org/array-buffer-byte-length/-/array-buffer-byte-length-1.0.2.tgz 3754ms (cache miss)
1296 http fetch GET 200 https://registry.npmjs.org/array.prototype.flatmap/-/array.prototype.flatmap-1.3.3.tgz 3758ms (cache miss)
1297 http fetch GET 200 https://registry.npmjs.org/array.prototype.findlast/-/array.prototype.findlast-1.2.5.tgz 3764ms (cache miss)
1298 http fetch GET 200 https://registry.npmjs.org/argparse/-/argparse-2.0.1.tgz 3776ms (cache miss)
1299 http fetch GET 200 https://registry.npmjs.org/caniuse-lite/-/caniuse-lite-1.0.30001721.tgz 3782ms (cache miss)
1300 http fetch GET 200 https://registry.npmjs.org/arg/-/arg-5.0.2.tgz 3800ms (cache miss)
1301 http fetch GET 200 https://registry.npmjs.org/anymatch/-/anymatch-3.1.3.tgz 3800ms (cache miss)
1302 http fetch GET 200 https://registry.npmjs.org/array.prototype.flat/-/array.prototype.flat-1.3.3.tgz 3800ms (cache miss)
1303 http fetch GET 200 https://registry.npmjs.org/any-promise/-/any-promise-1.3.0.tgz 3805ms (cache miss)
1304 http fetch GET 200 https://registry.npmjs.org/ansi-regex/-/ansi-regex-5.0.1.tgz 3810ms (cache miss)
1305 http fetch GET 200 https://registry.npmjs.org/ansi-styles/-/ansi-styles-4.3.0.tgz 3817ms (cache miss)
1306 http fetch GET 200 https://registry.npmjs.org/ajv/-/ajv-6.12.6.tgz 3843ms (cache miss)
1307 http fetch GET 200 https://registry.npmjs.org/acorn-jsx/-/acorn-jsx-5.3.2.tgz 3844ms (cache miss)
1308 http fetch GET 200 https://registry.npmjs.org/es-abstract/-/es-abstract-1.24.0.tgz 3862ms (cache miss)
1309 http fetch GET 200 https://registry.npmjs.org/acorn/-/acorn-8.15.0.tgz 3855ms (cache miss)
1310 http fetch GET 200 https://registry.npmjs.org/@typescript-eslint/visitor-keys/-/visitor-keys-8.34.0.tgz 3873ms (cache miss)
1311 http fetch GET 200 https://registry.npmjs.org/@ungap/structured-clone/-/structured-clone-1.3.0.tgz 3895ms (cache miss)
1312 http fetch GET 200 https://registry.npmjs.org/@webgpu/types/-/types-0.1.61.tgz 3914ms (cache miss)
1313 http fetch GET 200 https://registry.npmjs.org/@use-gesture/react/-/react-10.3.1.tgz 3931ms (cache miss)
1314 http fetch GET 200 https://registry.npmjs.org/@typescript-eslint/type-utils/-/type-utils-8.34.0.tgz 3944ms (cache miss)
1315 http fetch GET 200 https://registry.npmjs.org/@typescript-eslint/tsconfig-utils/-/tsconfig-utils-8.34.0.tgz 3943ms (cache miss)
1316 http fetch GET 200 https://registry.npmjs.org/aria-query/-/aria-query-5.3.2.tgz 3946ms (cache miss)
1317 http fetch GET 200 https://registry.npmjs.org/@use-gesture/core/-/core-10.3.1.tgz 3963ms (cache miss)
1318 http fetch GET 200 https://registry.npmjs.org/hls.js/-/hls.js-1.6.5.tgz 3987ms (cache miss)
1319 http fetch GET 200 https://registry.npmjs.org/@typescript-eslint/parser/-/parser-8.34.0.tgz 3978ms (cache miss)
1320 http fetch GET 200 https://registry.npmjs.org/@typescript-eslint/utils/-/utils-8.34.0.tgz 3987ms (cache miss)
1321 http fetch GET 200 https://registry.npmjs.org/@typescript-eslint/project-service/-/project-service-8.34.0.tgz 4022ms (cache miss)
1322 http fetch GET 200 https://registry.npmjs.org/@types/webxr/-/webxr-0.5.22.tgz 4022ms (cache miss)
1323 http fetch GET 200 https://registry.npmjs.org/@typescript-eslint/typescript-estree/-/typescript-estree-8.34.0.tgz 4027ms (cache miss)
1324 http fetch GET 200 https://registry.npmjs.org/@types/react-reconciler/-/react-reconciler-0.28.9.tgz 4042ms (cache miss)
1325 http fetch GET 200 https://registry.npmjs.org/@types/react-dom/-/react-dom-18.3.7.tgz 4048ms (cache miss)
1326 http fetch GET 200 https://registry.npmjs.org/@types/prop-types/-/prop-types-15.7.15.tgz 4065ms (cache miss)
1327 http fetch GET 200 https://registry.npmjs.org/@types/react/-/react-18.3.23.tgz 4065ms (cache miss)
1328 http fetch GET 200 https://registry.npmjs.org/@types/json5/-/json5-0.0.29.tgz 4065ms (cache miss)
1329 http fetch GET 200 https://registry.npmjs.org/@types/offscreencanvas/-/offscreencanvas-2019.7.3.tgz 4065ms (cache miss)
1330 http fetch GET 200 https://registry.npmjs.org/@types/draco3d/-/draco3d-1.4.10.tgz 4077ms (cache miss)
1331 http fetch GET 200 https://registry.npmjs.org/@swc/counter/-/counter-0.1.3.tgz 4111ms (cache miss)
1332 http fetch GET 200 https://registry.npmjs.org/@tweenjs/tween.js/-/tween.js-23.1.3.tgz 4112ms (cache miss)
1333 http fetch GET 200 https://registry.npmjs.org/@typescript-eslint/scope-manager/-/scope-manager-8.34.0.tgz 4121ms (cache miss)
1334 http fetch GET 200 https://registry.npmjs.org/@rtsao/scc/-/scc-1.1.0.tgz 4131ms (cache miss)
1335 http fetch GET 200 https://registry.npmjs.org/@types/node/-/node-20.19.0.tgz 4145ms (cache miss)
1336 http fetch GET 200 https://registry.npmjs.org/@pkgjs/parseargs/-/parseargs-0.11.0.tgz 4157ms (cache miss)
1337 http fetch GET 200 https://registry.npmjs.org/@nolyfill/is-core-module/-/is-core-module-1.0.39.tgz 4162ms (cache miss)
1338 http fetch GET 200 https://registry.npmjs.org/@react-three/fiber/-/fiber-9.1.2.tgz 4180ms (cache miss)
1339 http fetch GET 200 https://registry.npmjs.org/@typescript-eslint/types/-/types-8.34.0.tgz 4182ms (cache miss)
1340 http fetch GET 200 https://registry.npmjs.org/@nodelib/fs.scandir/-/fs.scandir-2.1.5.tgz 4197ms (cache miss)
1341 http fetch GET 200 https://registry.npmjs.org/@nodelib/fs.walk/-/fs.walk-1.2.8.tgz 4197ms (cache miss)
1342 http fetch GET 200 https://registry.npmjs.org/@nodelib/fs.stat/-/fs.stat-2.0.5.tgz 4198ms (cache miss)
1343 http fetch GET 200 https://registry.npmjs.org/@types/stats.js/-/stats.js-0.17.4.tgz 4198ms (cache miss)
1344 http fetch GET 200 https://registry.npmjs.org/@next/env/-/env-15.0.0.tgz 4209ms (cache miss)
1345 http fetch GET 200 https://registry.npmjs.org/@jridgewell/trace-mapping/-/trace-mapping-0.3.25.tgz 4226ms (cache miss)
1346 http fetch GET 200 https://registry.npmjs.org/@typescript-eslint/eslint-plugin/-/eslint-plugin-8.34.0.tgz 4237ms (cache miss)
1347 http fetch GET 200 https://registry.npmjs.org/@jridgewell/sourcemap-codec/-/sourcemap-codec-1.5.0.tgz 4221ms (cache miss)
1348 http fetch GET 200 https://registry.npmjs.org/@react-three/drei/-/drei-10.1.2.tgz 4291ms (cache miss)
1349 http fetch GET 200 https://registry.npmjs.org/@jridgewell/set-array/-/set-array-1.2.1.tgz 4293ms (cache miss)
1350 http fetch GET 200 https://registry.npmjs.org/@humanwhocodes/object-schema/-/object-schema-2.0.3.tgz 4303ms (cache miss)
1351 warn deprecated @humanwhocodes/object-schema@2.0.3: Use @eslint/object-schema instead
1352 http fetch GET 200 https://registry.npmjs.org/@jridgewell/resolve-uri/-/resolve-uri-3.1.2.tgz 4312ms (cache miss)
1353 http fetch GET 200 https://registry.npmjs.org/@isaacs/cliui/-/cliui-8.0.2.tgz 4313ms (cache miss)
1354 http fetch GET 200 https://registry.npmjs.org/@humanwhocodes/module-importer/-/module-importer-1.0.1.tgz 4327ms (cache miss)
1355 http fetch GET 200 https://registry.npmjs.org/@types/three/-/three-0.177.0.tgz 4371ms (cache miss)
1356 http fetch GET 200 https://registry.npmjs.org/@eslint/eslintrc/-/eslintrc-2.1.4.tgz 4354ms (cache miss)
1357 http fetch GET 200 https://registry.npmjs.org/@humanwhocodes/config-array/-/config-array-0.13.0.tgz 4360ms (cache miss)
1358 warn deprecated @humanwhocodes/config-array@0.13.0: Use @eslint/config-array instead
1359 http fetch GET 200 https://registry.npmjs.org/@swc/helpers/-/helpers-0.5.13.tgz 4385ms (cache miss)
1360 http fetch GET 200 https://registry.npmjs.org/three/-/three-0.177.0.tgz 4452ms (cache miss)
1361 http fetch GET 200 https://registry.npmjs.org/@rushstack/eslint-patch/-/eslint-patch-1.11.0.tgz 4451ms (cache miss)
1362 http fetch GET 200 https://registry.npmjs.org/@eslint-community/eslint-utils/-/eslint-utils-4.7.0.tgz 4451ms (cache miss)
1363 http fetch GET 200 https://registry.npmjs.org/@emotion/memoize/-/memoize-0.7.4.tgz 4451ms (cache miss)
1364 http fetch GET 200 https://registry.npmjs.org/@emotion/is-prop-valid/-/is-prop-valid-0.8.8.tgz 4458ms (cache miss)
1365 http fetch GET 200 https://registry.npmjs.org/@babel/runtime/-/runtime-7.27.6.tgz 4483ms (cache miss)
1366 http fetch GET 200 https://registry.npmjs.org/@jridgewell/gen-mapping/-/gen-mapping-0.3.8.tgz 4495ms (cache miss)
1367 http fetch GET 200 https://registry.npmjs.org/@monogrid/gainmap-js/-/gainmap-js-3.1.0.tgz 4563ms (cache miss)
1368 http fetch GET 200 https://registry.npmjs.org/@eslint-community/regexpp/-/regexpp-4.12.1.tgz 4564ms (cache miss)
1369 http fetch GET 200 https://registry.npmjs.org/strip-ansi/-/strip-ansi-7.1.0.tgz 4564ms (cache miss)
1370 http fetch GET 200 https://registry.npmjs.org/ansi-styles/-/ansi-styles-6.2.1.tgz 4567ms (cache miss)
1371 http fetch GET 200 https://registry.npmjs.org/ansi-regex/-/ansi-regex-6.1.0.tgz 4576ms (cache miss)
1372 http fetch GET 200 https://registry.npmjs.org/@next/eslint-plugin-next/-/eslint-plugin-next-15.0.0.tgz 4580ms (cache miss)
1373 http fetch GET 200 https://registry.npmjs.org/string-width/-/string-width-4.2.3.tgz 4594ms (cache miss)
1374 http fetch GET 200 https://registry.npmjs.org/emoji-regex/-/emoji-regex-8.0.0.tgz 4595ms (cache miss)
1375 http fetch GET 200 https://registry.npmjs.org/@eslint/js/-/js-8.57.1.tgz 4619ms (cache miss)
1376 http fetch GET 200 https://registry.npmjs.org/picomatch/-/picomatch-4.0.2.tgz 4621ms (cache miss)
1377 http fetch GET 200 https://registry.npmjs.org/fdir/-/fdir-6.4.6.tgz 4649ms (cache miss)
1378 http fetch GET 200 https://registry.npmjs.org/postcss-load-config/-/postcss-load-config-4.0.2.tgz 4676ms (cache miss)
1379 http fetch GET 200 https://registry.npmjs.org/fast-glob/-/fast-glob-3.3.3.tgz 4685ms (cache miss)
1380 http fetch GET 200 https://registry.npmjs.org/glob-parent/-/glob-parent-5.1.2.tgz 4687ms (cache miss)
1381 http fetch GET 200 https://registry.npmjs.org/minimatch/-/minimatch-9.0.5.tgz 4713ms (cache miss)
1382 http fetch GET 200 https://registry.npmjs.org/brace-expansion/-/brace-expansion-2.0.1.tgz 4719ms (cache miss)
1383 http fetch GET 200 https://registry.npmjs.org/strip-ansi/-/strip-ansi-7.1.0.tgz 4750ms (cache miss)
1384 http fetch GET 200 https://registry.npmjs.org/glob/-/glob-10.4.5.tgz 4767ms (cache miss)
1385 http fetch GET 200 https://registry.npmjs.org/zustand/-/zustand-4.5.7.tgz 4772ms (cache miss)
1386 http fetch GET 200 https://registry.npmjs.org/ansi-regex/-/ansi-regex-6.1.0.tgz 4776ms (cache miss)
1387 http fetch GET 200 https://registry.npmjs.org/fflate/-/fflate-0.6.10.tgz 4782ms (cache miss)
1388 http fetch GET 200 https://registry.npmjs.org/@alloc/quick-lru/-/quick-lru-5.2.0.tgz 4797ms (cache miss)
1389 http fetch GET 200 https://registry.npmjs.org/postcss/-/postcss-8.4.31.tgz 4796ms (cache miss)
1390 http fetch GET 200 https://registry.npmjs.org/emoji-regex/-/emoji-regex-8.0.0.tgz 4798ms (cache miss)
1391 http fetch GET 200 https://registry.npmjs.org/scheduler/-/scheduler-0.25.0.tgz 4837ms (cache miss)
1392 http fetch GET 200 https://registry.npmjs.org/glob-parent/-/glob-parent-5.1.2.tgz 4840ms (cache miss)
1393 http fetch GET 200 https://registry.npmjs.org/semver/-/semver-6.3.1.tgz 4851ms (cache miss)
1394 http fetch GET 200 https://registry.npmjs.org/doctrine/-/doctrine-2.1.0.tgz 4868ms (cache miss)
1395 http fetch GET 200 https://registry.npmjs.org/resolve/-/resolve-2.0.0-next.5.tgz 4878ms (cache miss)
1396 http fetch GET 200 https://registry.npmjs.org/semver/-/semver-6.3.1.tgz 4884ms (cache miss)
1397 http fetch GET 200 https://registry.npmjs.org/debug/-/debug-3.2.7.tgz 4916ms (cache miss)
1398 http fetch GET 200 https://registry.npmjs.org/debug/-/debug-3.2.7.tgz 4917ms (cache miss)
1399 http fetch GET 200 https://registry.npmjs.org/doctrine/-/doctrine-2.1.0.tgz 4921ms (cache miss)
1400 http fetch GET 200 https://registry.npmjs.org/debug/-/debug-3.2.7.tgz 4930ms (cache miss)
1401 http fetch GET 200 https://registry.npmjs.org/eslint-visitor-keys/-/eslint-visitor-keys-4.2.1.tgz 4954ms (cache miss)
1402 http fetch GET 200 https://registry.npmjs.org/glob-parent/-/glob-parent-5.1.2.tgz 4955ms (cache miss)
1403 http fetch GET 200 https://registry.npmjs.org/ignore/-/ignore-7.0.5.tgz 4961ms (cache miss)
1404 http fetch GET 200 https://registry.npmjs.org/fast-glob/-/fast-glob-3.3.3.tgz 4966ms (cache miss)
1405 http fetch GET 200 https://registry.npmjs.org/scheduler/-/scheduler-0.25.0.tgz 4984ms (cache miss)
1406 http fetch GET 200 https://registry.npmjs.org/minimatch/-/minimatch-9.0.5.tgz 5034ms (cache miss)
1407 http fetch GET 200 https://registry.npmjs.org/ansi-regex/-/ansi-regex-6.1.0.tgz 5035ms (cache miss)
1408 http fetch GET 200 https://registry.npmjs.org/strip-ansi/-/strip-ansi-7.1.0.tgz 5039ms (cache miss)
1409 http fetch GET 200 https://registry.npmjs.org/brace-expansion/-/brace-expansion-2.0.1.tgz 5047ms (cache miss)
1410 http fetch GET 200 https://registry.npmjs.org/glob-parent/-/glob-parent-5.1.2.tgz 5055ms (cache miss)
1411 http fetch GET 200 https://registry.npmjs.org/@mediapipe/tasks-vision/-/tasks-vision-0.10.17.tgz 6185ms (cache miss)
1412 http fetch GET 200 https://registry.npmjs.org/@dimforge/rapier3d-compat/-/rapier3d-compat-0.12.0.tgz 6732ms (cache miss)
1413 http fetch GET 200 https://registry.npmjs.org/three/-/three-0.170.0.tgz 7361ms (cache miss)
1414 http fetch GET 200 https://registry.npmjs.org/next/-/next-15.0.0.tgz 10011ms (cache miss)
1415 http fetch GET 200 https://registry.npmjs.org/@next/swc-darwin-arm64/-/swc-darwin-arm64-15.0.0.tgz 11959ms (cache miss)
1416 info run sharp@0.33.5 install node_modules/sharp node install/check
1417 info run sharp@0.33.5 install { code: 0, signal: null }
1418 info run unrs-resolver@1.7.12 postinstall node_modules/unrs-resolver napi-postinstall unrs-resolver 1.7.12 check
1419 info run unrs-resolver@1.7.12 postinstall { code: 0, signal: null }
1420 silly ADD node_modules/zustand
1421 silly ADD node_modules/yocto-queue
1422 silly ADD node_modules/yaml
1423 silly ADD node_modules/wrappy
1424 silly ADD node_modules/wrap-ansi-cjs
1425 silly ADD node_modules/wrap-ansi-cjs/node_modules/string-width
1426 silly ADD node_modules/wrap-ansi-cjs/node_modules/emoji-regex
1427 silly ADD node_modules/wrap-ansi
1428 silly ADD node_modules/wrap-ansi/node_modules/strip-ansi
1429 silly ADD node_modules/wrap-ansi/node_modules/ansi-styles
1430 silly ADD node_modules/wrap-ansi/node_modules/ansi-regex
1431 silly ADD node_modules/word-wrap
1432 silly ADD node_modules/which-typed-array
1433 silly ADD node_modules/which-collection
1434 silly ADD node_modules/which-builtin-type
1435 silly ADD node_modules/which-boxed-primitive
1436 silly ADD node_modules/which
1437 silly ADD node_modules/webgl-sdf-generator
1438 silly ADD node_modules/webgl-constants
1439 silly ADD node_modules/utility-types
1440 silly ADD node_modules/util-deprecate
1441 silly ADD node_modules/use-sync-external-store
1442 silly ADD node_modules/uri-js
1443 silly ADD node_modules/update-browserslist-db
1444 silly ADD node_modules/unrs-resolver
1445 silly ADD node_modules/undici-types
1446 silly ADD node_modules/unbox-primitive
1447 silly ADD node_modules/typescript
1448 silly ADD node_modules/typed-array-length
1449 silly ADD node_modules/typed-array-byte-offset
1450 silly ADD node_modules/typed-array-byte-length
1451 silly ADD node_modules/typed-array-buffer
1452 silly ADD node_modules/type-fest
1453 silly ADD node_modules/type-check
1454 silly ADD node_modules/tunnel-rat
1455 silly ADD node_modules/tunnel-rat/node_modules/zustand
1456 silly ADD node_modules/tslib
1457 silly ADD node_modules/tsconfig-paths
1458 silly ADD node_modules/ts-interface-checker
1459 silly ADD node_modules/ts-api-utils
1460 silly ADD node_modules/troika-worker-utils
1461 silly ADD node_modules/troika-three-utils
1462 silly ADD node_modules/troika-three-text
1463 silly ADD node_modules/to-regex-range
1464 silly ADD node_modules/tinyglobby
1465 silly ADD node_modules/tinyglobby/node_modules/picomatch
1466 silly ADD node_modules/tinyglobby/node_modules/fdir
1467 silly ADD node_modules/three-stdlib
1468 silly ADD node_modules/three-stdlib/node_modules/fflate
1469 silly ADD node_modules/three-mesh-bvh
1470 silly ADD node_modules/three
1471 silly ADD node_modules/thenify-all
1472 silly ADD node_modules/thenify
1473 silly ADD node_modules/text-table
1474 silly ADD node_modules/tailwindcss
1475 silly ADD node_modules/tailwindcss/node_modules/postcss-load-config
1476 silly ADD node_modules/tailwindcss/node_modules/fast-glob
1477 silly ADD node_modules/tailwindcss/node_modules/fast-glob/node_modules/glob-parent
1478 silly ADD node_modules/suspend-react
1479 silly ADD node_modules/supports-preserve-symlinks-flag
1480 silly ADD node_modules/supports-color
1481 silly ADD node_modules/sucrase
1482 silly ADD node_modules/sucrase/node_modules/minimatch
1483 silly ADD node_modules/sucrase/node_modules/glob
1484 silly ADD node_modules/sucrase/node_modules/brace-expansion
1485 silly ADD node_modules/styled-jsx
1486 silly ADD node_modules/strip-json-comments
1487 silly ADD node_modules/strip-bom
1488 silly ADD node_modules/strip-ansi-cjs
1489 silly ADD node_modules/strip-ansi
1490 silly ADD node_modules/string.prototype.trimstart
1491 silly ADD node_modules/string.prototype.trimend
1492 silly ADD node_modules/string.prototype.trim
1493 silly ADD node_modules/string.prototype.repeat
1494 silly ADD node_modules/string.prototype.matchall
1495 silly ADD node_modules/string.prototype.includes
1496 silly ADD node_modules/string-width-cjs
1497 silly ADD node_modules/string-width-cjs/node_modules/emoji-regex
1498 silly ADD node_modules/string-width
1499 silly ADD node_modules/string-width/node_modules/strip-ansi
1500 silly ADD node_modules/string-width/node_modules/ansi-regex
1501 silly ADD node_modules/streamsearch
1502 silly ADD node_modules/stop-iteration-iterator
1503 silly ADD node_modules/stats.js
1504 silly ADD node_modules/stats-gl
1505 silly ADD node_modules/stats-gl/node_modules/three
1506 silly ADD node_modules/stable-hash
1507 silly ADD node_modules/source-map-js
1508 silly ADD node_modules/simple-swizzle
1509 silly ADD node_modules/signal-exit
1510 silly ADD node_modules/side-channel-weakmap
1511 silly ADD node_modules/side-channel-map
1512 silly ADD node_modules/side-channel-list
1513 silly ADD node_modules/side-channel
1514 silly ADD node_modules/shebang-regex
1515 silly ADD node_modules/shebang-command
1516 silly ADD node_modules/sharp
1517 silly ADD node_modules/set-proto
1518 silly ADD node_modules/set-function-name
1519 silly ADD node_modules/set-function-length
1520 silly ADD node_modules/semver
1521 silly ADD node_modules/scheduler
1522 silly ADD node_modules/safe-regex-test
1523 silly ADD node_modules/safe-push-apply
1524 silly ADD node_modules/safe-array-concat
1525 silly ADD node_modules/run-parallel
1526 silly ADD node_modules/rimraf
1527 silly ADD node_modules/reusify
1528 silly ADD node_modules/resolve-pkg-maps
1529 silly ADD node_modules/resolve-from
1530 silly ADD node_modules/resolve
1531 silly ADD node_modules/require-from-string
1532 silly ADD node_modules/regexp.prototype.flags
1533 silly ADD node_modules/reflect.getprototypeof
1534 silly ADD node_modules/readdirp
1535 silly ADD node_modules/read-cache
1536 silly ADD node_modules/react-use-measure
1537 silly ADD node_modules/react-reconciler
1538 silly ADD node_modules/react-reconciler/node_modules/scheduler
1539 silly ADD node_modules/react-is
1540 silly ADD node_modules/react-dom
1541 silly ADD node_modules/react
1542 silly ADD node_modules/queue-microtask
1543 silly ADD node_modules/punycode
1544 silly ADD node_modules/prop-types
1545 silly ADD node_modules/promise-worker-transferable
1546 silly ADD node_modules/prelude-ls
1547 silly ADD node_modules/potpack
1548 silly ADD node_modules/postcss-value-parser
1549 silly ADD node_modules/postcss-selector-parser
1550 silly ADD node_modules/postcss-nested
1551 silly ADD node_modules/postcss-js
1552 silly ADD node_modules/postcss-import
1553 silly ADD node_modules/postcss
1554 silly ADD node_modules/possible-typed-array-names
1555 silly ADD node_modules/pirates
1556 silly ADD node_modules/pify
1557 silly ADD node_modules/picomatch
1558 silly ADD node_modules/picocolors
1559 silly ADD node_modules/path-scurry
1560 silly ADD node_modules/path-parse
1561 silly ADD node_modules/path-key
1562 silly ADD node_modules/path-is-absolute
1563 silly ADD node_modules/path-exists
1564 silly ADD node_modules/parent-module
1565 silly ADD node_modules/package-json-from-dist
1566 silly ADD node_modules/p-locate
1567 silly ADD node_modules/p-limit
1568 silly ADD node_modules/own-keys
1569 silly ADD node_modules/optionator
1570 silly ADD node_modules/once
1571 silly ADD node_modules/object.values
1572 silly ADD node_modules/object.groupby
1573 silly ADD node_modules/object.fromentries
1574 silly ADD node_modules/object.entries
1575 silly ADD node_modules/object.assign
1576 silly ADD node_modules/object-keys
1577 silly ADD node_modules/object-inspect
1578 silly ADD node_modules/object-hash
1579 silly ADD node_modules/object-assign
1580 silly ADD node_modules/normalize-range
1581 silly ADD node_modules/normalize-path
1582 silly ADD node_modules/node-releases
1583 silly ADD node_modules/next
1584 silly ADD node_modules/next/node_modules/postcss
1585 silly ADD node_modules/natural-compare
1586 silly ADD node_modules/napi-postinstall
1587 silly ADD node_modules/nanoid
1588 silly ADD node_modules/mz
1589 silly ADD node_modules/ms
1590 silly ADD node_modules/minipass
1591 silly ADD node_modules/minimist
1592 silly ADD node_modules/minimatch
1593 silly ADD node_modules/micromatch
1594 silly ADD node_modules/meshoptimizer
1595 silly ADD node_modules/meshline
1596 silly ADD node_modules/merge2
1597 silly ADD node_modules/math-intrinsics
1598 silly ADD node_modules/maath
1599 silly ADD node_modules/lucide-react
1600 silly ADD node_modules/lru-cache
1601 silly ADD node_modules/loose-envify
1602 silly ADD node_modules/lodash.merge
1603 silly ADD node_modules/locate-path
1604 silly ADD node_modules/lines-and-columns
1605 silly ADD node_modules/lilconfig
1606 silly ADD node_modules/lie
1607 silly ADD node_modules/levn
1608 silly ADD node_modules/language-tags
1609 silly ADD node_modules/language-subtag-registry
1610 silly ADD node_modules/keyv
1611 silly ADD node_modules/jsx-ast-utils
1612 silly ADD node_modules/json5
1613 silly ADD node_modules/json-stable-stringify-without-jsonify
1614 silly ADD node_modules/json-schema-traverse
1615 silly ADD node_modules/json-buffer
1616 silly ADD node_modules/js-yaml
1617 silly ADD node_modules/js-tokens
1618 silly ADD node_modules/jiti
1619 silly ADD node_modules/jackspeak
1620 silly ADD node_modules/its-fine
1621 silly ADD node_modules/iterator.prototype
1622 silly ADD node_modules/isexe
1623 silly ADD node_modules/isarray
1624 silly ADD node_modules/is-weakset
1625 silly ADD node_modules/is-weakref
1626 silly ADD node_modules/is-weakmap
1627 silly ADD node_modules/is-typed-array
1628 silly ADD node_modules/is-symbol
1629 silly ADD node_modules/is-string
1630 silly ADD node_modules/is-shared-array-buffer
1631 silly ADD node_modules/is-set
1632 silly ADD node_modules/is-regex
1633 silly ADD node_modules/is-promise
1634 silly ADD node_modules/is-path-inside
1635 silly ADD node_modules/is-number-object
1636 silly ADD node_modules/is-number
1637 silly ADD node_modules/is-negative-zero
1638 silly ADD node_modules/is-map
1639 silly ADD node_modules/is-glob
1640 silly ADD node_modules/is-generator-function
1641 silly ADD node_modules/is-fullwidth-code-point
1642 silly ADD node_modules/is-finalizationregistry
1643 silly ADD node_modules/is-extglob
1644 silly ADD node_modules/is-date-object
1645 silly ADD node_modules/is-data-view
1646 silly ADD node_modules/is-core-module
1647 silly ADD node_modules/is-callable
1648 silly ADD node_modules/is-bun-module
1649 silly ADD node_modules/is-boolean-object
1650 silly ADD node_modules/is-binary-path
1651 silly ADD node_modules/is-bigint
1652 silly ADD node_modules/is-async-function
1653 silly ADD node_modules/is-arrayish
1654 silly ADD node_modules/is-array-buffer
1655 silly ADD node_modules/internal-slot
1656 silly ADD node_modules/inherits
1657 silly ADD node_modules/inflight
1658 silly ADD node_modules/imurmurhash
1659 silly ADD node_modules/import-fresh
1660 silly ADD node_modules/immediate
1661 silly ADD node_modules/ignore
1662 silly ADD node_modules/ieee754
1663 silly ADD node_modules/hls.js
1664 silly ADD node_modules/hasown
1665 silly ADD node_modules/has-tostringtag
1666 silly ADD node_modules/has-symbols
1667 silly ADD node_modules/has-proto
1668 silly ADD node_modules/has-property-descriptors
1669 silly ADD node_modules/has-flag
1670 silly ADD node_modules/has-bigints
1671 silly ADD node_modules/graphemer
1672 silly ADD node_modules/gopd
1673 silly ADD node_modules/glsl-noise
1674 silly ADD node_modules/globalthis
1675 silly ADD node_modules/globals
1676 silly ADD node_modules/glob-parent
1677 silly ADD node_modules/glob
1678 silly ADD node_modules/get-tsconfig
1679 silly ADD node_modules/get-symbol-description
1680 silly ADD node_modules/get-proto
1681 silly ADD node_modules/get-intrinsic
1682 silly ADD node_modules/functions-have-names
1683 silly ADD node_modules/function.prototype.name
1684 silly ADD node_modules/function-bind
1685 silly ADD node_modules/fsevents
1686 silly ADD node_modules/fs.realpath
1687 silly ADD node_modules/framer-motion
1688 silly ADD node_modules/fraction.js
1689 silly ADD node_modules/foreground-child
1690 silly ADD node_modules/for-each
1691 silly ADD node_modules/flatted
1692 silly ADD node_modules/flat-cache
1693 silly ADD node_modules/find-up
1694 silly ADD node_modules/fill-range
1695 silly ADD node_modules/file-entry-cache
1696 silly ADD node_modules/fflate
1697 silly ADD node_modules/fastq
1698 silly ADD node_modules/fast-levenshtein
1699 silly ADD node_modules/fast-json-stable-stringify
1700 silly ADD node_modules/fast-glob
1701 silly ADD node_modules/fast-glob/node_modules/glob-parent
1702 silly ADD node_modules/fast-deep-equal
1703 silly ADD node_modules/esutils
1704 silly ADD node_modules/estraverse
1705 silly ADD node_modules/esrecurse
1706 silly ADD node_modules/esquery
1707 silly ADD node_modules/espree
1708 silly ADD node_modules/eslint-visitor-keys
1709 silly ADD node_modules/eslint-scope
1710 silly ADD node_modules/eslint-plugin-react-hooks
1711 silly ADD node_modules/eslint-plugin-react
1712 silly ADD node_modules/eslint-plugin-react/node_modules/semver
1713 silly ADD node_modules/eslint-plugin-react/node_modules/resolve
1714 silly ADD node_modules/eslint-plugin-react/node_modules/doctrine
1715 silly ADD node_modules/eslint-plugin-jsx-a11y
1716 silly ADD node_modules/eslint-plugin-import
1717 silly ADD node_modules/eslint-plugin-import/node_modules/semver
1718 silly ADD node_modules/eslint-plugin-import/node_modules/doctrine
1719 silly ADD node_modules/eslint-plugin-import/node_modules/debug
1720 silly ADD node_modules/eslint-module-utils
1721 silly ADD node_modules/eslint-module-utils/node_modules/debug
1722 silly ADD node_modules/eslint-import-resolver-typescript
1723 silly ADD node_modules/eslint-import-resolver-node
1724 silly ADD node_modules/eslint-import-resolver-node/node_modules/debug
1725 silly ADD node_modules/eslint-config-next
1726 silly ADD node_modules/eslint
1727 silly ADD node_modules/escape-string-regexp
1728 silly ADD node_modules/escalade
1729 silly ADD node_modules/es-to-primitive
1730 silly ADD node_modules/es-shim-unscopables
1731 silly ADD node_modules/es-set-tostringtag
1732 silly ADD node_modules/es-object-atoms
1733 silly ADD node_modules/es-iterator-helpers
1734 silly ADD node_modules/es-errors
1735 silly ADD node_modules/es-define-property
1736 silly ADD node_modules/es-abstract
1737 silly ADD node_modules/emoji-regex
1738 silly ADD node_modules/electron-to-chromium
1739 silly ADD node_modules/eastasianwidth
1740 silly ADD node_modules/dunder-proto
1741 silly ADD node_modules/draco3d
1742 silly ADD node_modules/doctrine
1743 silly ADD node_modules/dlv
1744 silly ADD node_modules/didyoumean
1745 silly ADD node_modules/detect-libc
1746 silly ADD node_modules/detect-gpu
1747 silly ADD node_modules/define-properties
1748 silly ADD node_modules/define-data-property
1749 silly ADD node_modules/deep-is
1750 silly ADD node_modules/debug
1751 silly ADD node_modules/data-view-byte-offset
1752 silly ADD node_modules/data-view-byte-length
1753 silly ADD node_modules/data-view-buffer
1754 silly ADD node_modules/damerau-levenshtein
1755 silly ADD node_modules/csstype
1756 silly ADD node_modules/cssesc
1757 silly ADD node_modules/cross-spawn
1758 silly ADD node_modules/cross-env
1759 silly ADD node_modules/concat-map
1760 silly ADD node_modules/commander
1761 silly ADD node_modules/color-string
1762 silly ADD node_modules/color-name
1763 silly ADD node_modules/color-convert
1764 silly ADD node_modules/color
1765 silly ADD node_modules/client-only
1766 silly ADD node_modules/chokidar
1767 silly ADD node_modules/chokidar/node_modules/glob-parent
1768 silly ADD node_modules/chalk
1769 silly ADD node_modules/caniuse-lite
1770 silly ADD node_modules/camera-controls
1771 silly ADD node_modules/camelcase-css
1772 silly ADD node_modules/callsites
1773 silly ADD node_modules/call-bound
1774 silly ADD node_modules/call-bind-apply-helpers
1775 silly ADD node_modules/call-bind
1776 silly ADD node_modules/busboy
1777 silly ADD node_modules/buffer
1778 silly ADD node_modules/browserslist
1779 silly ADD node_modules/braces
1780 silly ADD node_modules/brace-expansion
1781 silly ADD node_modules/binary-extensions
1782 silly ADD node_modules/bidi-js
1783 silly ADD node_modules/base64-js
1784 silly ADD node_modules/balanced-match
1785 silly ADD node_modules/axobject-query
1786 silly ADD node_modules/axe-core
1787 silly ADD node_modules/available-typed-arrays
1788 silly ADD node_modules/autoprefixer
1789 silly ADD node_modules/async-function
1790 silly ADD node_modules/ast-types-flow
1791 silly ADD node_modules/arraybuffer.prototype.slice
1792 silly ADD node_modules/array.prototype.tosorted
1793 silly ADD node_modules/array.prototype.flatmap
1794 silly ADD node_modules/array.prototype.flat
1795 silly ADD node_modules/array.prototype.findlastindex
1796 silly ADD node_modules/array.prototype.findlast
1797 silly ADD node_modules/array-includes
1798 silly ADD node_modules/array-buffer-byte-length
1799 silly ADD node_modules/aria-query
1800 silly ADD node_modules/argparse
1801 silly ADD node_modules/arg
1802 silly ADD node_modules/anymatch
1803 silly ADD node_modules/any-promise
1804 silly ADD node_modules/ansi-styles
1805 silly ADD node_modules/ansi-regex
1806 silly ADD node_modules/ajv
1807 silly ADD node_modules/acorn-jsx
1808 silly ADD node_modules/acorn
1809 silly ADD node_modules/@webgpu/types
1810 silly ADD node_modules/@use-gesture/react
1811 silly ADD node_modules/@use-gesture/core
1812 silly ADD
1813 silly ADD node_modules/@ungap/structured-clone
1814 silly ADD node_modules/@typescript-eslint/visitor-keys
1815 silly ADD node_modules/@typescript-eslint/visitor-keys/node_modules/eslint-visitor-keys
1816 silly ADD node_modules/@typescript-eslint/utils
1817 silly ADD node_modules/@typescript-eslint/typescript-estree
1818 silly ADD node_modules/@typescript-eslint/typescript-estree/node_modules/minimatch
1819 silly ADD node_modules/@typescript-eslint/typescript-estree/node_modules/glob-parent
1820 silly ADD node_modules/@typescript-eslint/typescript-estree/node_modules/fast-glob
1821 silly ADD node_modules/@typescript-eslint/typescript-estree/node_modules/brace-expansion
1822 silly ADD node_modules/@typescript-eslint/types
1823 silly ADD node_modules/@typescript-eslint/type-utils
1824 silly ADD node_modules/@typescript-eslint/tsconfig-utils
1825 silly ADD node_modules/@typescript-eslint/scope-manager
1826 silly ADD node_modules/@typescript-eslint/project-service
1827 silly ADD node_modules/@typescript-eslint/parser
1828 silly ADD node_modules/@typescript-eslint/eslint-plugin
1829 silly ADD node_modules/@typescript-eslint/eslint-plugin/node_modules/ignore
1830 silly ADD node_modules/@types/webxr
1831 silly ADD node_modules/@types/three
1832 silly ADD node_modules/@types/stats.js
1833 silly ADD node_modules/@types/react-reconciler
1834 silly ADD node_modules/@types/react-dom
1835 silly ADD node_modules/@types/react
1836 silly ADD node_modules/@types/prop-types
1837 silly ADD node_modules/@types/offscreencanvas
1838 silly ADD node_modules/@types/node
1839 silly ADD node_modules/@types/json5
1840 silly ADD node_modules/@types/draco3d
1841 silly ADD node_modules/@tweenjs/tween.js
1842 silly ADD node_modules/@swc/helpers
1843 silly ADD node_modules/@swc/counter
1844 silly ADD node_modules/@rushstack/eslint-patch
1845 silly ADD node_modules/@rtsao/scc
1846 silly ADD node_modules/@react-three/fiber
1847 silly ADD node_modules/@react-three/fiber/node_modules/scheduler
1848 silly ADD node_modules/@react-three/drei
1849 silly ADD node_modules/@pkgjs/parseargs
1850 silly ADD node_modules/@nolyfill/is-core-module
1851 silly ADD node_modules/@nodelib/fs.walk
1852 silly ADD node_modules/@nodelib/fs.stat
1853 silly ADD node_modules/@nodelib/fs.scandir
1854 silly ADD
1855 silly ADD
1856 silly ADD
1857 silly ADD
1858 silly ADD
1859 silly ADD
1860 silly ADD
1861 silly ADD node_modules/@next/swc-darwin-arm64
1862 silly ADD node_modules/@next/eslint-plugin-next
1863 silly ADD node_modules/@next/env
1864 silly ADD node_modules/@monogrid/gainmap-js
1865 silly ADD node_modules/@mediapipe/tasks-vision
1866 silly ADD node_modules/@jridgewell/trace-mapping
1867 silly ADD node_modules/@jridgewell/sourcemap-codec
1868 silly ADD node_modules/@jridgewell/set-array
1869 silly ADD node_modules/@jridgewell/resolve-uri
1870 silly ADD node_modules/@jridgewell/gen-mapping
1871 silly ADD node_modules/@isaacs/cliui
1872 silly ADD node_modules/@isaacs/cliui/node_modules/strip-ansi
1873 silly ADD node_modules/@isaacs/cliui/node_modules/ansi-regex
1874 silly ADD
1875 silly ADD
1876 silly ADD node_modules/@humanwhocodes/object-schema
1877 silly ADD node_modules/@humanwhocodes/module-importer
1878 silly ADD node_modules/@humanwhocodes/config-array
1879 silly ADD node_modules/@eslint/js
1880 silly ADD node_modules/@eslint/eslintrc
1881 silly ADD node_modules/@eslint-community/regexpp
1882 silly ADD node_modules/@eslint-community/eslint-utils
1883 silly ADD node_modules/@emotion/memoize
1884 silly ADD node_modules/@emotion/is-prop-valid
1885 silly ADD node_modules/@dimforge/rapier3d-compat
1886 silly ADD node_modules/@babel/runtime
1887 silly ADD node_modules/@alloc/quick-lru
1888 verbose cwd /Users/jyoti/Rollins Wellness /rollins-wellness-website
1889 verbose os Darwin 24.5.0
1890 verbose node v22.17.0
1891 verbose npm  v10.9.2
1892 notice
1892 notice New [31mmajor[39m version of npm available! [31m10.9.2[39m -> [34m11.5.2[39m
1892 notice Changelog: [34mhttps://github.com/npm/cli/releases/tag/v11.5.2[39m
1892 notice To update run: [4mnpm install -g npm@11.5.2[24m
1892 notice  { force: true, [Symbol(proc-log.meta)]: true }
1893 verbose exit 0
1894 info ok
